Started,County,AcresBurned,Injuries,Fatalities,StructuresDestroyed,StructuresDamaged,PropetyValue Damage,Drought Index,Precipitation,Temperature,Heating Degree Days,Cooling Degree Days
201308,Tuolumne,258384.0,0.0,0.0,0.0,0.0,0.0,-2.76,0.1,65.7,63,85
201305,Losangeles,31135.0,0.0,0.0,0.0,0.0,0.0,-5.94,0.55,65.9,75,102
201307,Riverside,27736.0,0.0,0.0,0.0,0.0,0.0,-3.74,0.41,87.6,0,700
201308,Placer,27440.0,0.0,0.0,0.0,0.0,0.0,-2.18,0.06,69.1,23,149
201305,Ventura,28597.0,14.0,0.0,10.0,6.0,6459310.0,-6.54,0.35,62.2,125,38
201307,Fresno,22992.0,0.0,0.0,0.0,0.0,0.0,-5.86,0.21,76.4,0,352
201308,Riverside,21835.0,26.0,0.0,40.0,8.0,12761320.0,-2.84,0.94,85.3,0,630
201307,Siskiyou,14794.0,0.0,0.0,0.0,0.0,0.0,-2.3,0.21,72.1,9,229
201308,Humboldt,12503.0,0.0,0.0,0.0,0.0,0.0,-2.69,0.36,68.0,6,100
201308,Tehama,11429.0,5.0,0.0,0.0,0.0,0.0,-2.74,0.04,74.4,0,295
201309,Shasta,8073.0,6.0,0.0,201.0,10.0,38944300.0,-1.35,1.47,65.4,73,85
201307,Sandiego,7080.0,12.0,0.0,149.0,9.0,74263300.0,-4.92,0.39,77.4,0,383
201305,Tehama,6965.0,6.0,0.0,0.0,0.0,0.0,-2.74,0.85,64.0,120,88
201305,Kern,4346.0,4.0,0.0,0.0,0.0,0.0,-6.07,0.14,67.7,60,144
201311,Sonoma,3505.0,6.0,0.0,1.0,0.0,463820.0,-2.88,1.51,54.7,308,0
201305,Riverside,3955.0,2.0,0.0,1.0,0.0,282560.0,-3.92,0.13,74.3,10,299
201309,Contracosta,3111.0,0.0,0.0,0.0,0.0,0.0,-2.69,0.63,68.5,17,121
201305,Sandiego,4152.0,11.0,0.0,0.0,0.0,0.0,-4.48,0.58,66.6,60,109
201308,Butte,2634.0,8.0,0.0,7.0,0.0,1972740.0,-2.88,0.03,74.2,0,287
201310,Sandiego,2236.0,0.0,0.0,0.0,0.0,0.0,-3.07,1.05,63.0,105,44
201308,Tulare,2060.0,0.0,0.0,0.0,0.0,0.0,-4.63,0.42,71.2,10,201
201305,Santabarbara,2154.0,0.0,0.0,0.0,0.0,0.0,-6.48,0.13,61.6,128,24
201306,Mariposa,1708.0,1.0,0.0,0.0,0.0,0.0,-3.34,0.12,69.6,29,166
201312,Monterey,917.0,0.0,0.0,0.0,0.0,0.0,-4.96,0.32,48.4,516,0
201308,Kern,794.0,0.0,0.0,0.0,0.0,0.0,-5.74,0.13,78.8,0,429
201307,Kern,1324.0,5.0,0.0,0.0,0.0,0.0,-6.4,0.11,83.2,0,566
201307,Eldorado,735.0,0.0,0.0,0.0,0.0,0.0,-1.74,0.07,73.9,0,282
201306,Sanbernardino,534.0,0.0,0.0,0.0,1.0,87325.0,-3.81,0.0,84.7,0,592
201308,Plumas,513.0,0.0,0.0,0.0,0.0,0.0,-2.94,0.27,64.2,85,60
201307,Modoc,502.0,0.0,0.0,0.0,0.0,0.0,-1.53,0.32,70.8,15,194
201306,Sanluisobispo,500.0,0.0,0.0,0.0,0.0,0.0,-6.37,0.0,69.8,11,155
201307,Contracosta,766.0,0.0,0.0,0.0,0.0,0.0,-3.67,0.0,72.5,0,232
201306,Madera,557.0,0.0,0.0,1.0,0.0,150000.0,-4.05,0.05,70.7,20,190
201308,Sanbernardino,863.0,0.0,0.0,0.0,0.0,0.0,-2.74,0.94,84.8,0,613
201302,Inyo,406.0,2.0,0.0,0.0,0.0,0.0,-3.33,0.03,45.0,561,0
201310,Napa,376.0,0.0,0.0,0.0,0.0,0.0,-3.24,0.0,61.2,137,19
201305,Sanbenito,354.0,0.0,0.0,0.0,0.0,0.0,-4.17,0.03,62.8,116,49
201302,Riverside,311.0,0.0,0.0,0.0,0.0,0.0,-2.14,0.43,53.0,340,0
201310,Butte,305.0,0.0,0.0,4.0,0.0,993320.0,-2.55,0.45,60.3,173,27
201305,Sanjoaquin,303.0,0.0,0.0,0.0,0.0,0.0,-3.23,0.06,68.6,35,146
201306,Butte,298.0,0.0,0.0,9.0,0.0,2385000.0,-2.88,1.42,72.8,11,246
201301,Lake,296.0,0.0,0.0,0.0,0.0,0.0,-1.05,2.01,43.8,658,0
201304,Madera,274.0,0.0,0.0,0.0,0.0,0.0,-3.65,0.87,55.8,293,16
201309,Losangeles,268.0,0.0,0.0,0.0,0.0,0.0,-6.02,0.01,73.2,5,250
201309,Sandiego,303.0,2.0,0.0,0.0,0.0,0.0,-3.87,0.27,73.4,0,255
201306,Alameda,240.0,0.0,0.0,0.0,0.0,0.0,-3.46,0.12,68.3,22,120
201306,Placer,237.0,0.0,0.0,0.0,0.0,0.0,-2.26,1.45,66.4,62,106
201306,Glenn,226.0,0.0,0.0,0.0,0.0,0.0,-2.79,0.4,73.7,7,268
201305,Glenn,217.0,0.0,0.0,0.0,0.0,0.0,-2.57,0.31,65.8,87,111
201307,Monterey,213.0,0.0,0.0,0.0,0.0,0.0,-4.13,0.0,70.8,0,183
201309,Sanbernardino,273.0,0.0,0.0,0.0,0.0,0.0,-2.22,0.52,78.4,0,402
201307,Tehama,395.0,0.0,0.0,0.0,0.0,0.0,-2.73,0.04,79.4,0,446
201308,Shasta,257.0,0.0,0.0,0.0,0.0,0.0,-1.88,0.16,71.7,8,215
201311,Napa,190.0,0.0,0.0,1.0,0.0,528410.0,-3.66,0.91,54.9,303,0
201311,Yolo,163.0,0.0,0.0,0.0,0.0,0.0,-2.99,0.87,56.2,270,0
201307,Sacramento,163.0,0.0,0.0,0.0,0.0,0.0,-3.09,0.0,77.8,0,398
201310,Sonoma,159.0,0.0,0.0,0.0,0.0,0.0,-2.48,0.0,59.2,184,0
201307,Sonoma,158.0,0.0,0.0,0.0,0.0,0.0,-2.37,0.02,66.0,27,59
201310,Alameda,150.0,0.0,0.0,0.0,0.0,0.0,-3.27,0.01,61.3,131,16
201307,Stanislaus,150.0,0.0,0.0,0.0,0.0,0.0,-4.56,0.0,78.8,0,426
201306,Fresno,339.0,0.0,0.0,0.0,0.0,0.0,-5.64,0.03,70.1,24,177
201305,Butte,222.0,0.0,0.0,0.0,0.0,0.0,-3.09,0.76,65.3,96,105
201309,Tulare,134.0,0.0,0.0,0.0,0.0,0.0,-4.47,0.11,65.8,58,83
201305,Sonoma,125.0,0.0,0.0,0.0,0.0,0.0,-2.97,0.29,60.5,154,16
201306,Solano,152.0,0.0,0.0,0.0,0.0,0.0,-3.46,0.24,72.0,7,218
201306,Merced,124.0,0.0,0.0,0.0,0.0,0.0,-5.57,0.05,75.4,0,311
201311,Lake,193.0,0.0,0.0,1.0,0.0,143330.0,-2.66,1.4,52.4,376,0
201308,Eldorado,154.0,0.0,0.0,1.0,0.0,355840.0,-1.72,0.15,69.8,20,168
201306,Monterey,105.0,0.0,0.0,0.0,0.0,0.0,-3.91,0.01,68.0,19,108
201308,Losangeles,100.0,0.0,0.0,0.0,0.0,0.0,-6.34,0.04,75.5,0,325
201306,Tuolumne,100.0,0.0,0.0,0.0,0.0,0.0,-2.64,0.39,63.3,115,64
201309,Mendocino,98.0,0.0,0.0,0.0,0.0,0.0,-1.11,1.7,64.2,64,40
201309,Modoc,165.0,0.0,0.0,0.0,0.0,0.0,-0.73,1.28,57.0,251,9
201308,Lassen,97.0,0.0,0.0,0.0,0.0,0.0,-2.12,0.67,65.2,71,78
201306,Amador,96.0,0.0,0.0,0.0,0.0,0.0,-2.53,0.74,70.9,21,196
201309,Sanluisobispo,94.0,0.0,0.0,0.0,0.0,0.0,-6.02,0.0,69.7,9,150
201305,Madera,106.0,0.0,0.0,1.0,0.0,142000.0,-3.72,0.44,61.3,164,48
201307,Sanluisobispo,85.0,0.0,0.0,0.0,0.0,0.0,-6.6,0.01,74.3,0,290
201311,Mendocino,82.0,0.0,0.0,0.0,0.0,0.0,-2.24,1.9,51.8,397,0
201304,Fresno,80.0,0.0,0.0,0.0,0.0,0.0,-4.66,0.42,55.8,293,16
201309,Tehama,75.0,0.0,0.0,0.0,0.0,0.0,-2.11,1.11,68.0,36,126
201307,Sanbernardino,75.0,0.0,0.0,0.0,0.0,0.0,-3.58,0.35,88.8,0,739
201305,Sanbernardino,75.0,1.0,0.0,1.0,0.0,170090.0,-3.52,0.07,73.4,16,278
201304,Napa,75.0,0.0,0.0,0.0,0.0,0.0,-2.99,1.05,60.9,158,36
201307,Yuba,73.0,0.0,0.0,0.0,0.0,0.0,-2.82,0.0,79.8,0,458
201308,Lake,108.0,0.0,0.0,0.0,0.0,0.0,-2.42,0.01,71.5,0,206
201311,Ventura,64.0,0.0,0.0,0.0,0.0,0.0,-6.55,0.84,55.3,295,5
201308,Nevada,52.0,0.0,0.0,0.0,0.0,0.0,-2.13,0.05,67.8,35,122
201311,Sanluisobispo,51.0,0.0,0.0,0.0,0.0,0.0,-5.93,0.3,55.6,284,0
201308,Siskiyou,50.0,0.0,0.0,0.0,0.0,0.0,-2.23,0.55,66.4,50,94
201307,Santaclara,50.0,0.0,0.0,0.0,0.0,0.0,-4.08,0.0,71.6,0,206
201307,Alameda,88.0,0.0,0.0,0.0,0.0,0.0,-3.66,0.0,71.1,0,193
201305,Sanluisobispo,85.0,0.0,0.0,0.0,0.0,0.0,-5.76,0.16,63.9,91,56
201308,Calaveras,46.0,2.0,0.0,0.0,0.0,0.0,-2.87,0.0,73.5,0,269
201307,Mendocino,45.0,0.0,0.0,0.0,0.0,0.0,-1.92,0.08,70.7,0,182
201312,Ventura,44.0,0.0,0.0,0.0,0.0,0.0,-6.83,0.37,50.6,446,0
201307,Shasta,43.0,0.0,0.0,0.0,0.0,0.0,-1.81,0.22,77.1,0,376
201306,Riverside,82.0,0.0,0.0,0.0,0.0,0.0,-4.23,0.0,83.5,0,555
201309,Sanmateo,41.0,0.0,0.0,0.0,0.0,0.0,-3.59,0.6,64.5,58,45
201312,Santaclara,40.0,0.0,0.0,0.0,0.0,0.0,-4.8,0.51,47.8,532,0
201310,Orange,40.0,0.0,0.0,0.0,0.0,0.0,-4.73,0.33,65.6,57,77
201311,Shasta,33.0,0.0,0.0,0.0,0.0,0.0,-2.18,1.71,48.8,487,0
201307,Calaveras,31.0,0.0,0.0,0.0,0.0,0.0,-2.88,0.01,78.0,0,403
201309,Lake,30.0,0.0,0.0,0.0,0.0,0.0,-1.64,1.17,65.9,49,77
201306,Lake,83.0,0.0,0.0,0.0,0.0,0.0,-2.38,1.11,68.5,27,131
201304,Sanbernardino,30.0,0.0,0.0,0.0,0.0,0.0,-3.09,0.02,66.7,85,136
201306,Sonoma,28.0,0.0,0.0,0.0,0.0,0.0,-2.46,1.21,64.6,64,50
201306,Colusa,28.0,0.0,0.0,0.0,0.0,0.0,-2.21,0.45,74.6,0,293
201312,Mendocino,15.0,0.0,0.0,0.0,0.0,0.0,-2.55,0.81,44.3,642,0
201409,Eldorado,97831.0,12.0,0.0,80.0,0.0,29172000.0,-1.7,1.53,66.9,51,109
201408,Siskiyou,50042.0,0.0,0.0,0.0,0.0,0.0,-3.75,0.31,68.6,26,137
201407,Shasta,91289.0,32.0,0.0,41.0,0.0,8874860.0,-3.33,0.1,77.9,0,400
201407,Siskiyou,73331.0,0.0,0.0,0.0,0.0,0.0,-3.66,0.3,72.7,8,246
201405,Sandiego,25953.0,6.0,0.0,40.0,0.0,19920800.0,-6.19,0.02,67.6,47,126
201407,Madera,13838.0,0.0,0.0,0.0,0.0,0.0,-7.85,0.21,76.6,0,359
201407,Modoc,16273.0,7.0,0.0,6.0,0.0,1272000.0,-4.65,0.29,71.8,11,223
201407,Mendocino,12536.0,15.0,0.0,0.0,0.0,0.0,-3.04,0.0,71.5,0,204
201407,Yolo,6488.0,5.0,0.0,0.0,0.0,0.0,-5.36,0.01,79.1,0,438
201406,Monterey,4840.0,0.0,0.0,0.0,0.0,0.0,-6.63,0.0,67.3,25,94
201408,Mariposa,4772.0,0.0,0.0,0.0,0.0,0.0,-4.99,0.08,72.5,6,239
201407,Mariposa,5769.0,0.0,0.0,0.0,0.0,0.0,-5.21,0.31,76.0,0,340
201407,Napa,4300.0,4.0,0.0,9.0,0.0,5391000.0,-3.69,0.0,74.0,0,281
201407,Lake,4300.0,4.0,0.0,9.0,0.0,1570860.0,-3.2,0.0,76.6,0,358
201407,Amador,4240.0,2.0,0.0,67.0,0.0,16582500.0,-3.36,0.13,77.8,0,397
201407,Eldorado,4270.0,2.0,0.0,67.0,0.0,25805720.0,-2.49,0.35,74.5,0,298
201408,Kern,4045.0,0.0,0.0,0.0,0.0,0.0,-6.67,0.09,79.3,0,443
201406,Kern,3895.0,0.0,0.0,0.0,0.0,0.0,-7.44,0.0,76.7,0,354
201404,Sanbernardino,2143.0,3.0,0.0,0.0,1.0,99710.0,-4.29,0.25,65.9,97,122
201401,Losangeles,1952.0,0.0,0.0,0.0,0.0,0.0,-6.45,0.07,56.9,270,19
201407,Kern,1750.0,0.0,0.0,0.0,0.0,0.0,-7.35,0.0,82.5,0,543
201409,Shasta,1375.0,4.0,0.0,4.0,0.0,890200.0,-2.51,1.8,69.2,27,154
201409,Orange,968.0,0.0,0.0,0.0,0.0,0.0,-6.14,0.12,76.2,0,335
201401,Tehama,865.0,0.0,0.0,0.0,0.0,0.0,-4.43,0.5,52.1,400,0
201405,Mariposa,677.0,9.0,0.0,3.0,0.0,725010.0,-4.7,0.39,60.9,175,47
201405,Santabarbara,632.0,0.0,0.0,0.0,0.0,0.0,-8.05,0.04,63.3,94,43
201408,Madera,622.0,3.0,0.0,47.0,0.0,10052830.0,-7.4,0.12,73.4,0,265
201408,Trinity,580.0,2.0,0.0,1.0,0.0,298952.7027027027,-3.7,0.15,71.6,0,210
201409,Siskiyou,516.0,1.0,0.0,165.0,7.0,26117500.0,-2.69,2.41,63.5,104,58
201406,Tuolumne,756.0,0.0,0.0,0.0,0.0,0.0,-3.21,0.1,63.3,115,64
201410,Placer,459.0,2.0,0.0,10.0,0.0,3801700.0,-2.2,1.35,59.1,205,23
201409,Mendocino,465.0,3.0,0.0,11.0,0.0,3245000.0,-2.39,1.41,67.2,22,89
201403,Monterey,400.0,0.0,0.0,0.0,0.0,0.0,-5.64,2.13,55.9,289,6
201407,Butte,461.0,4.0,0.0,0.0,0.0,0.0,-3.75,0.03,79.2,0,440
201403,Riverside,407.0,0.0,0.0,0.0,0.0,0.0,-4.22,0.66,63.1,133,74
201401,Humboldt,351.0,0.0,0.0,0.0,0.0,0.0,-3.12,1.79,45.7,600,0
201409,Madera,320.0,4.0,0.0,69.0,2.0,14525000.0,-6.7,0.47,70.0,16,166
201410,Mariposa,311.0,0.0,0.0,0.0,0.0,0.0,-4.78,0.12,61.6,148,43
201409,Mariposa,379.0,3.0,0.0,0.0,0.0,0.0,-4.46,0.68,69.0,25,143
201407,Merced,300.0,0.0,0.0,0.0,0.0,0.0,-7.75,0.0,80.4,0,478
201408,Losangeles,464.0,0.0,0.0,0.0,0.0,0.0,-7.34,0.14,75.6,0,329
201409,Nevada,247.0,0.0,0.0,0.0,0.0,0.0,-2.04,1.09,65.0,77,78
201406,Tehama,225.0,0.0,0.0,0.0,0.0,0.0,-3.42,0.04,73.6,9,266
201407,Sandiego,217.0,4.0,0.0,3.0,0.0,1569210.0,-6.75,0.12,78.0,0,404
201409,Humboldt,210.0,0.0,0.0,0.0,0.0,0.0,-2.73,2.91,66.9,25,82
201405,Lake,175.0,0.0,0.0,0.0,0.0,0.0,-2.42,0.11,61.9,142,47
201406,Mariposa,220.0,1.0,0.0,0.0,0.0,0.0,-5.09,0.05,69.2,32,159
201406,Santaclara,125.0,0.0,0.0,0.0,0.0,0.0,-6.31,0.01,67.1,33,97
201403,Sandiego,125.0,0.0,0.0,0.0,0.0,0.0,-5.0,1.26,58.9,209,20
201406,Calaveras,205.0,1.0,0.0,1.0,0.0,253409.0,-3.22,0.01,71.6,17,215
201401,Placer,120.0,0.0,0.0,0.0,0.0,0.0,-3.09,2.26,46.7,567,0
201404,Inyo,113.0,0.0,0.0,0.0,0.0,0.0,-4.74,0.17,60.3,194,53
201401,Fresno,106.0,0.0,0.0,0.0,0.0,0.0,-6.74,0.58,47.6,540,0
201408,Modoc,101.0,0.0,0.0,0.0,0.0,0.0,-4.45,0.54,66.2,59,95
201409,Lake,100.0,0.0,0.0,0.0,0.0,0.0,-2.43,1.01,69.6,13,152
201409,Riverside,100.0,0.0,0.0,0.0,0.0,0.0,-3.29,0.54,82.8,0,534
201408,Nevada,84.0,0.0,0.0,0.0,0.0,0.0,-2.39,0.69,68.9,25,145
201408,Santaclara,80.0,0.0,0.0,0.0,0.0,0.0,-6.28,0.01,71.1,0,192
201407,Contracosta,80.0,0.0,0.0,0.0,0.0,0.0,-5.91,0.01,73.4,0,260
201407,Riverside,78.0,0.0,0.0,0.0,0.0,0.0,-4.88,0.17,87.9,0,710
201404,Monterey,75.0,0.0,0.0,0.0,0.0,0.0,-5.36,1.46,58.0,222,11
201409,Tuolumne,70.0,0.0,0.0,0.0,0.0,0.0,-2.4,0.96,63.5,100,55
201406,Solano,70.0,0.0,0.0,0.0,0.0,0.0,-5.07,0.0,71.9,7,215
201409,Inyo,65.0,0.0,0.0,0.0,0.0,0.0,-3.33,0.37,75.9,0,328
201401,Butte,60.0,0.0,0.0,0.0,0.0,0.0,-3.92,0.84,52.6,387,0
201405,Shasta,50.0,0.0,0.0,0.0,0.0,0.0,-2.17,0.46,61.2,169,50
201410,Sanbernardino,48.0,0.0,0.0,0.0,0.0,0.0,-3.01,0.03,72.0,17,234
201407,Sanluisobispo,47.0,0.0,0.0,0.0,0.0,0.0,-8.65,0.01,74.4,0,291
201406,Fresno,65.0,4.0,0.0,1.0,0.0,201080.0,-8.78,0.01,70.0,24,175
201407,Nevada,38.0,0.0,0.0,0.0,0.0,0.0,-2.77,0.28,73.2,5,258
201408,Humboldt,37.0,0.0,0.0,0.0,0.0,0.0,-3.93,0.01,68.8,0,122
201405,Stanislaus,37.0,0.0,0.0,0.0,0.0,0.0,-6.72,0.04,68.0,45,140
201406,Riverside,45.0,0.0,0.0,0.0,0.0,0.0,-5.14,0.0,82.0,0,508
201409,Napa,27.0,0.0,0.0,0.0,0.0,0.0,-3.05,0.5,70.6,7,174
201409,Ventura,25.0,0.0,0.0,0.0,0.0,0.0,-7.23,0.0,70.9,10,187
201408,Shasta,25.0,0.0,0.0,0.0,0.0,0.0,-3.28,0.33,73.6,0,270
201408,Sandiego,20.0,0.0,0.0,0.0,0.0,0.0,-6.0,0.56,76.4,0,354
201407,Trinity,15.0,0.0,0.0,0.0,0.0,0.0,-3.51,0.23,74.9,0,306
201407,Placer,14.0,0.0,0.0,0.0,0.0,0.0,-2.76,0.23,74.0,0,282
201408,Napa,6.0,0.0,0.0,0.0,0.0,0.0,-3.55,0.05,72.3,0,228
201507,Fresno,151683.0,0.0,0.0,0.0,0.0,0.0,-8.5,0.56,72.5,6,237
201507,Trinity,143000.0,0.0,0.0,0.0,0.0,0.0,-3.33,0.76,72.3,6,233
201507,Lake,69438.0,0.0,0.0,96.0,8.0,21200000.0,-4.14,0.17,73.9,0,276
201506,Sanbernardino,31459.0,0.0,0.0,0.0,0.0,0.0,-4.03,0.06,85.1,0,604
201507,Delnorte,30361.0,0.0,0.0,0.0,0.0,0.0,-4.51,0.64,68.2,10,109
201508,Lake,25355.0,0.0,0.0,27.0,0.0,5805000.0,-3.93,0.15,73.1,0,251
201508,Napa,25118.0,0.0,0.0,27.0,0.0,15930000.0,-4.06,0.01,73.5,0,264
201508,Lassen,10600.0,0.0,0.0,0.0,0.0,0.0,-0.24,0.05,66.7,50,103
201508,Delnorte,7509.0,0.0,0.0,0.0,0.0,0.0,-4.28,0.86,65.7,31,52
201502,Inyo,7000.0,4.0,0.0,40.0,5.0,33766250.0,-3.58,0.48,53.6,327,7
201502,Mono,7509.0,4.0,0.0,40.0,5.0,39843707.5,-6.78,1.5,39.3,719,0
201507,Tulare,7496.0,4.0,0.0,0.0,0.0,0.0,-5.46,1.04,71.2,9,200
201507,Madera,5702.0,0.0,0.0,0.0,0.0,0.0,-7.78,0.51,73.7,0,274
201507,Humboldt,5057.0,16.0,0.0,7.0,0.0,1924300.0,-4.34,0.38,70.0,0,158
201507,Modoc,5099.0,0.0,0.0,0.0,0.0,0.0,-4.1,1.32,67.0,48,111
201507,Sanbernardino,4304.0,0.0,0.0,68.0,4.0,16112600.0,-2.52,1.2,83.6,0,578
201508,Mono,3676.0,0.0,0.0,0.0,0.0,0.0,-6.12,0.24,64.0,82,50
201508,Alameda,2700.0,0.0,0.0,0.0,0.0,0.0,-4.22,0.02,71.7,0,207
201508,Sanluisobispo,2446.0,1.0,0.0,1.0,0.0,900000.0,-7.0,0.0,73.6,0,268
201507,Nevada,2304.0,6.0,0.0,2.0,1.0,802500.0,-2.97,0.46,69.7,19,163
201508,Sandiego,1905.0,0.0,0.0,0.0,0.0,0.0,-5.4,0.05,78.8,0,428
201506,Sanluisobispo,1791.0,4.0,0.0,23.0,0.0,20700000.0,-7.51,0.07,70.7,7,178
201506,Trinity,1542.0,0.0,0.0,0.0,0.0,0.0,-3.23,0.58,70.3,17,175
201507,Merced,2783.0,0.0,0.0,0.0,0.0,0.0,-6.34,0.01,78.5,0,417
201509,Monterey,1181.0,0.0,1.0,20.0,1.0,9840000.0,-4.42,0.04,71.1,0,186
201504,Riverside,1049.0,0.0,0.0,0.0,0.0,0.0,-4.5,0.2,66.6,77,125
201509,Butte,1114.0,1.0,0.0,1.0,0.0,248000.0,-4.34,0.27,72.2,9,224
201506,Madera,1555.0,0.0,0.0,3.0,0.0,597000.0,-7.99,0.14,72.8,11,244
201510,Butte,964.0,0.0,0.0,0.0,0.0,0.0,-4.59,0.64,66.4,64,108
201509,Lake,673.0,0.0,0.0,0.0,0.0,0.0,-3.41,0.72,69.7,13,153
201510,Sanbenito,670.0,3.0,0.0,0.0,0.0,0.0,-5.05,0.52,66.3,50,91
201508,Riverside,543.0,0.0,0.0,0.0,0.0,0.0,-3.66,0.06,88.2,0,720
201509,Mariposa,415.0,0.0,0.0,0.0,0.0,0.0,-4.74,0.13,69.4,21,153
201506,Losangeles,415.0,0.0,0.0,0.0,0.0,0.0,-6.5,0.04,73.9,7,274
201507,Butte,475.0,0.0,0.0,16.0,0.0,4240000.0,-4.76,0.06,77.0,0,371
201508,Losangeles,674.0,0.0,0.0,0.0,0.0,0.0,-5.89,0.01,77.9,0,401
201507,Amador,355.0,0.0,0.0,0.0,0.0,0.0,-3.14,0.18,74.3,0,293
201506,Alameda,353.0,0.0,0.0,0.0,0.0,0.0,-4.4,0.27,69.4,14,145
201508,Ventura,468.0,0.0,0.0,0.0,0.0,0.0,-5.71,0.0,73.3,0,260
201505,Merced,275.0,0.0,0.0,0.0,0.0,0.0,-6.18,0.34,64.6,91,79
201505,Alameda,242.0,0.0,0.0,0.0,0.0,0.0,-4.53,0.37,59.2,193,12
201507,Mendocino,300.0,0.0,0.0,0.0,0.0,0.0,-3.71,0.24,70.5,5,177
201509,Santaclara,215.0,0.0,0.0,0.0,0.0,0.0,-4.06,0.01,70.9,0,181
201507,Orange,214.0,0.0,0.0,0.0,0.0,0.0,-6.19,0.19,72.6,0,237
201507,Shasta,395.0,5.0,0.0,6.0,1.0,1514500.0,-3.28,0.46,74.7,0,305
201506,Santabarbara,211.0,0.0,0.0,0.0,0.0,0.0,-7.71,0.21,66.4,35,77
201507,Tuolumne,204.0,0.0,0.0,0.0,0.0,0.0,1.07,0.93,66.4,54,96
201507,Losangeles,200.0,0.0,0.0,0.0,0.0,0.0,-6.16,0.36,73.8,0,273
201502,Siskiyou,200.0,0.0,0.0,0.0,0.0,0.0,-2.12,7.72,43.1,614,0
201507,Contracosta,195.0,0.0,0.0,0.0,0.0,0.0,-4.15,0.02,72.1,0,222
201507,Siskiyou,205.0,0.0,0.0,0.0,0.0,0.0,-2.97,1.03,68.9,27,147
201506,Sandiego,251.0,0.0,0.0,0.0,0.0,0.0,-5.96,0.09,73.8,0,270
201509,Fresno,170.0,0.0,0.0,0.0,0.0,0.0,-7.64,0.16,69.3,19,149
201507,Tehama,170.0,0.0,0.0,0.0,0.0,0.0,-3.73,0.18,77.2,0,380
201508,Kern,167.0,0.0,0.0,0.0,0.0,0.0,-5.27,0.0,80.6,0,484
201507,Sandiego,217.0,0.0,0.0,0.0,0.0,0.0,-5.43,0.72,74.2,0,286
201506,Ventura,164.0,0.0,0.0,0.0,0.0,0.0,-6.1,0.19,67.6,35,112
201506,Yuba,158.0,3.0,0.0,0.0,0.0,0.0,-4.24,0.07,77.5,0,376
201507,Solano,190.0,0.0,0.0,0.0,0.0,0.0,-4.11,0.02,74.6,0,298
201507,Riverside,171.0,0.0,0.0,0.0,0.0,0.0,-3.5,0.75,83.8,0,582
201508,Humboldt,146.0,0.0,0.0,0.0,0.0,0.0,-4.2,0.47,68.2,5,106
201504,Plumas,137.0,0.0,0.0,0.0,0.0,0.0,-3.67,1.86,44.5,614,0
201508,Trinity,128.0,0.0,0.0,0.0,0.0,0.0,-3.39,0.15,70.2,8,171
201506,Sanjoaquin,122.0,0.0,0.0,0.0,0.0,0.0,-5.34,0.1,75.8,0,323
201508,Calaveras,114.0,0.0,0.0,0.0,0.0,0.0,-3.44,0.01,75.2,0,315
201508,Tuolumne,112.0,0.0,0.0,0.0,0.0,0.0,1.13,0.09,68.1,32,128
201506,Lassen,171.0,0.0,0.0,0.0,0.0,0.0,0.29,0.74,65.8,74,100
201509,Sacramento,110.0,0.0,0.0,0.0,0.0,0.0,-4.09,0.02,74.6,0,288
201508,Tehama,110.0,0.0,0.0,1.0,0.0,156000.0,-3.65,0.04,75.4,0,323
201506,Placer,110.0,0.0,0.0,0.0,0.0,0.0,-2.59,0.77,69.6,28,165
201509,Shasta,109.0,0.0,0.0,0.0,0.0,0.0,-3.15,0.71,68.0,39,128
201509,Tuolumne,108.0,1.0,0.0,3.0,0.0,747000.0,0.66,0.18,64.2,88,65
201507,Sanluisobispo,95.0,0.0,0.0,0.0,0.0,0.0,-7.37,0.13,71.9,0,216
201506,Riverside,165.0,0.0,0.0,0.0,0.0,0.0,-4.51,0.05,83.9,0,567
201508,Shasta,134.0,0.0,0.0,0.0,0.0,0.0,-3.35,0.03,73.3,0,261
201507,Eldorado,135.0,0.0,0.0,0.0,0.0,0.0,-2.18,0.43,70.5,16,188
201508,Siskiyou,69.0,0.0,0.0,0.0,0.0,0.0,-3.07,0.15,67.7,34,118
201506,Kern,67.0,0.0,0.0,0.0,0.0,0.0,-6.33,0.05,78.6,0,406
201508,Sanbernardino,120.0,0.0,0.0,0.0,0.0,0.0,-2.84,0.1,88.0,0,714
201506,Mariposa,85.0,0.0,0.0,0.0,0.0,0.0,-5.39,0.23,71.8,15,220
201506,Amador,60.0,0.0,0.0,0.0,0.0,0.0,-3.02,0.27,74.2,8,285
201510,Siskiyou,58.0,0.0,0.0,0.0,0.0,0.0,-3.55,0.86,56.1,282,6
201506,Tehama,55.0,0.0,0.0,0.0,0.0,0.0,-3.35,0.33,76.9,0,357
201508,Santabarbara,52.0,0.0,0.0,0.0,0.0,0.0,-7.38,0.0,71.6,0,208
201511,Ventura,79.0,0.0,0.0,0.0,0.0,0.0,-5.03,0.27,52.9,363,0
201509,Kern,45.0,0.0,0.0,0.0,0.0,0.0,-4.79,0.18,76.3,0,339
201507,Alameda,45.0,0.0,0.0,0.0,0.0,0.0,-4.38,0.01,71.6,0,208
201506,Fresno,45.0,0.0,0.0,0.0,0.0,0.0,-8.79,0.18,71.8,14,220
201506,Santaclara,42.0,0.0,0.0,0.0,0.0,0.0,-4.25,0.07,69.0,16,137
201509,Lassen,40.0,0.0,0.0,0.0,0.0,0.0,-0.51,0.31,60.5,158,24
201507,Stanislaus,40.0,0.0,0.0,0.0,0.0,0.0,-4.92,0.01,77.1,0,375
201506,Napa,93.0,0.0,0.0,0.0,0.0,0.0,-4.05,0.11,71.4,9,200
201509,Trinity,35.0,0.0,0.0,0.0,0.0,0.0,-3.24,0.76,64.5,78,64
201506,Mendocino,35.0,0.0,0.0,0.0,0.0,0.0,-3.51,0.07,68.1,17,111
201509,Nevada,30.0,0.0,0.0,0.0,0.0,0.0,-3.02,0.19,65.7,68,89
201508,Yuba,30.0,0.0,0.0,0.0,0.0,0.0,-4.32,0.03,76.7,0,362
201507,Placer,26.0,0.0,0.0,0.0,0.0,0.0,-2.46,0.3,70.6,13,186
201507,Sanbenito,25.0,0.0,0.0,0.0,0.0,0.0,-5.9,0.03,73.5,0,264
201506,Lake,25.0,0.0,0.0,0.0,0.0,0.0,-3.86,0.08,73.0,6,244
201510,Santabarbara,21.0,0.0,0.0,0.0,0.0,0.0,-6.78,0.18,67.8,22,111
201506,Humboldt,20.0,0.0,0.0,0.0,0.0,0.0,-4.03,0.17,66.0,33,64
201506,Alpine,0.0,0.0,0.0,0.0,0.0,0.0,0.51,1.0,59.3,194,23
201607,Monterey,132227.0,0.0,0.0,0.0,0.0,0.0,-2.26,0.0,69.8,6,154
201606,Kern,48080.0,0.0,0.0,0.0,0.0,0.0,-4.48,0.0,78.9,0,417
201608,Sanluisobispo,46344.0,1.0,0.0,70.0,8.0,66600000.0,-4.6,0.0,72.2,0,224
201608,Sanbernardino,44384.0,1.0,0.0,321.0,3.0,77561250.0,-3.46,0.3,86.6,0,669
201608,Siskiyou,34577.0,0.0,0.0,5.0,1.0,1124750.0,-1.21,0.01,70.0,16,171
201608,Santabarbara,32606.0,0.0,0.0,0.0,0.0,0.0,-6.05,0.0,69.5,10,150
201608,Kern,30244.0,0.0,0.0,0.0,0.0,0.0,-4.41,0.0,80.6,0,484
201609,Santabarbara,12733.0,0.0,0.0,0.0,0.0,0.0,-5.77,0.0,67.7,25,106
201606,Sandiego,7609.0,0.0,0.0,16.0,0.0,8960000.0,-4.24,0.0,75.0,0,304
201606,Santabarbara,7474.0,0.0,0.0,0.0,0.0,0.0,-6.17,0.0,67.6,22,100
201608,Fresno,7050.0,0.0,0.0,2.0,0.0,478000.0,-0.91,0.02,73.5,0,267
201608,Yolo,5731.0,0.0,0.0,2.0,0.0,820960.0,-1.08,0.0,75.8,0,335
201606,Eldorado,5671.0,3.0,0.0,0.0,0.0,0.0,-0.36,0.03,67.6,50,128
201606,Placer,5734.0,3.0,0.0,0.0,0.0,0.0,-0.24,0.08,67.3,50,120
201609,Inyo,5443.0,0.0,0.0,0.0,0.0,0.0,-3.68,0.02,72.7,6,237
201606,Losangeles,5399.0,0.0,0.0,0.0,0.0,0.0,-5.77,0.01,75.0,0,304
201611,Losangeles,4824.0,0.0,0.0,0.0,0.0,0.0,-4.82,1.08,59.0,200,19
201609,Santaclara,4499.0,0.0,0.0,28.0,1.0,28500000.0,0.09,0.0,67.9,19,105
201610,Tulare,4357.0,0.0,0.0,0.0,0.0,0.0,-2.02,1.29,56.0,286,8
201608,Lake,4030.0,0.0,0.0,300.0,28.0,73633000.0,-1.45,0.0,74.4,0,290
201605,Monterey,3901.0,1.0,0.0,0.0,0.0,0.0,-2.05,0.24,61.0,146,23
201605,Sanluisobispo,3862.0,0.0,0.0,0.0,0.0,0.0,-4.69,0.18,61.4,137,27
201607,Fresno,5641.0,0.0,0.0,4.0,5.0,1532050.0,-0.61,0.0,74.6,0,296
201606,Siskiyou,2860.0,0.0,0.0,0.0,0.0,0.0,-0.59,1.15,61.7,135,36
201608,Mono,2941.0,0.0,0.0,0.0,0.0,0.0,-0.83,0.05,63.9,84,48
201609,Modoc,3032.0,0.0,0.0,0.0,0.0,0.0,-1.51,0.07,57.9,225,12
201609,Lassen,2575.0,1.0,0.0,7.0,0.0,1127630.0,-1.24,0.04,59.1,192,15
201606,Monterey,2642.0,0.0,0.0,0.0,0.0,0.0,-2.09,0.01,68.9,13,130
201606,Ventura,2304.0,0.0,0.0,0.0,0.0,0.0,-5.59,0.0,68.2,29,126
201610,Fresno,2100.0,0.0,0.0,0.0,0.0,0.0,0.6,1.78,57.3,248,11
201607,Kern,2698.0,3.0,0.0,0.0,0.0,0.0,-4.62,0.0,81.8,0,521
201609,Sonoma,1547.0,2.0,0.0,0.0,0.0,0.0,-2.51,0.0,65.8,40,65
201608,Riverside,1510.0,1.0,0.0,1.0,0.0,355000.0,-4.05,0.08,86.9,0,678
201606,Merced,1246.0,0.0,0.0,0.0,0.0,0.0,2.75,0.0,77.1,0,364
201607,Sandiego,1373.0,0.0,0.0,0.0,0.0,0.0,-4.54,0.0,78.1,0,407
201607,Losangeles,1109.0,0.0,0.0,0.0,0.0,0.0,-6.0,0.0,77.6,0,390
201609,Tuolumne,1080.0,0.0,0.0,0.0,0.0,0.0,-1.52,0.17,61.4,138,31
201609,Butte,1010.0,3.0,0.0,3.0,0.0,825000.0,-2.46,0.01,71.7,10,212
201606,Mono,650.0,0.0,0.0,0.0,0.0,0.0,0.86,0.6,60.9,156,34
201608,Humboldt,643.0,0.0,0.0,3.0,0.0,870000.0,-2.3,0.01,68.4,0,111
201608,Butte,638.0,0.0,0.0,0.0,0.0,0.0,-2.23,0.0,76.2,0,348
201606,Tehama,587.0,0.0,0.0,0.0,0.0,0.0,1.13,1.21,72.8,11,244
201608,Calaveras,450.0,0.0,0.0,0.0,0.0,0.0,-1.25,0.0,75.8,0,334
201607,Shasta,441.0,1.0,0.0,1.0,0.0,229450.0,-0.02,0.01,74.0,0,285
201608,Yuba,400.0,0.0,0.0,0.0,0.0,0.0,-2.34,0.0,77.2,0,379
201608,Tulare,395.0,0.0,0.0,0.0,0.0,0.0,-2.36,0.03,72.1,7,228
201606,Amador,582.0,0.0,0.0,0.0,0.0,0.0,-1.11,0.01,72.3,13,233
201609,Tehama,360.0,0.0,0.0,0.0,0.0,0.0,0.08,0.02,71.3,13,201
201607,Calaveras,743.0,0.0,0.0,0.0,0.0,0.0,-1.1,0.0,75.9,0,337
201609,Kern,306.0,0.0,0.0,0.0,0.0,0.0,-4.25,0.0,73.0,6,245
201609,Sutter,300.0,0.0,0.0,0.0,0.0,0.0,-2.66,0.0,74.3,0,280
201605,Fresno,410.0,0.0,0.0,0.0,0.0,0.0,-0.47,0.64,59.5,202,32
201606,Yolo,277.0,0.0,0.0,0.0,0.0,0.0,-0.66,0.01,75.7,0,322
201609,Plumas,248.0,0.0,0.0,0.0,0.0,0.0,-1.0,0.08,59.7,175,17
201606,Sanbenito,350.0,0.0,0.0,2.0,0.0,1023000.0,-0.17,0.0,72.0,6,217
201606,Lake,215.0,0.0,0.0,0.0,0.0,0.0,-0.92,0.26,69.4,20,153
201606,Alameda,211.0,0.0,0.0,0.0,0.0,0.0,0.88,0.0,69.4,14,146
201610,Eldorado,176.0,0.0,0.0,0.0,0.0,0.0,2.5,10.29,54.3,337,7
201607,Riverside,173.0,0.0,0.0,0.0,0.0,0.0,-3.97,0.04,88.3,0,722
201605,Placer,169.0,0.0,0.0,0.0,0.0,0.0,-0.05,2.18,57.3,259,20
201609,Fresno,228.0,0.0,0.0,0.0,0.0,0.0,-1.18,0.07,66.7,45,96
201605,Losangeles,156.0,0.0,0.0,0.0,0.0,0.0,-5.18,0.31,62.5,129,53
201604,Fresno,151.0,0.0,0.0,0.0,0.0,0.0,-0.57,1.94,54.6,324,12
201609,Delnorte,150.0,0.0,0.0,0.0,0.0,0.0,-3.62,0.06,61.8,111,14
201608,Orange,150.0,0.0,0.0,0.0,0.0,0.0,-6.12,0.0,74.4,0,292
201608,Sanjoaquin,147.0,0.0,0.0,0.0,0.0,0.0,1.08,0.0,75.2,0,316
201608,Stanislaus,240.0,0.0,0.0,0.0,0.0,0.0,1.55,0.0,76.7,0,362
201606,Riverside,139.0,1.0,0.0,0.0,0.0,0.0,-3.93,0.0,85.1,0,602
201606,Stanislaus,120.0,0.0,0.0,0.0,0.0,0.0,2.38,0.0,75.7,0,320
201607,Santaclara,114.0,0.0,0.0,0.0,0.0,0.0,0.77,0.01,70.8,0,184
201606,Butte,161.0,0.0,0.0,0.0,0.0,0.0,-1.99,0.52,73.2,10,256
201607,Madera,221.0,0.0,0.0,0.0,0.0,0.0,-0.69,0.02,74.8,0,303
201609,Shasta,175.0,0.0,0.0,0.0,0.0,0.0,-0.81,0.01,68.1,38,131
201608,Santaclara,125.0,0.0,0.0,0.0,0.0,0.0,0.47,0.02,71.0,0,187
201607,Sanbenito,95.0,0.0,0.0,0.0,0.0,0.0,-0.51,0.0,74.2,0,284
201605,Butte,121.0,0.0,0.0,0.0,0.0,0.0,-1.89,0.99,65.1,99,101
201607,Tehama,99.0,0.0,0.0,0.0,0.0,0.0,0.91,0.01,76.8,0,366
201607,Sacramento,87.0,0.0,0.0,0.0,0.0,0.0,-2.19,0.0,77.7,0,394
201606,Sanluisobispo,86.0,0.0,0.0,0.0,0.0,0.0,-4.71,0.0,71.8,0,210
201608,Madera,85.0,0.0,0.0,0.0,0.0,0.0,-0.91,0.01,73.8,0,276
201605,Tuolumne,85.0,0.0,0.0,0.0,0.0,0.0,-0.34,1.43,52.2,403,6
201607,Yolo,84.0,0.0,0.0,0.0,0.0,0.0,-1.03,0.0,77.4,0,385
201606,Calaveras,116.0,1.0,0.0,2.0,1.0,787500.0,-0.66,0.01,72.1,14,229
201608,Tehama,80.0,0.0,0.0,0.0,0.0,0.0,0.59,0.0,77.0,0,373
201607,Ventura,138.0,0.0,0.0,0.0,0.0,0.0,-5.81,0.0,71.7,5,213
201605,Sandiego,70.0,3.0,0.0,7.0,0.0,3955000.0,-3.97,0.5,62.5,125,48
201607,Lake,94.0,0.0,0.0,0.0,0.0,0.0,-1.28,0.0,73.8,0,275
201610,Napa,65.0,0.0,0.0,0.0,0.0,0.0,1.7,5.39,60.4,156,14
201607,Solano,57.0,0.0,0.0,0.0,0.0,0.0,-0.78,0.0,73.5,0,263
201605,Siskiyou,56.0,0.0,0.0,0.0,0.0,0.0,-0.6,1.56,53.9,351,6
201609,Mendocino,50.0,0.0,0.0,0.0,0.0,0.0,-1.54,0.02,65.5,44,58
201609,Sanbernardino,70.0,0.0,0.0,0.0,0.0,0.0,-3.3,0.18,77.3,0,370
201607,Eldorado,50.0,0.0,0.0,0.0,0.0,0.0,-0.89,0.0,71.8,10,222
201604,Ventura,50.0,0.0,0.0,0.0,0.0,0.0,-5.1,0.56,56.2,272,8
201609,Nevada,85.0,0.0,0.0,0.0,0.0,0.0,-1.44,0.04,63.8,97,60
201606,Orange,47.0,0.0,0.0,0.0,0.0,0.0,-6.33,0.02,71.4,7,198
201609,Amador,45.0,0.0,0.0,0.0,0.0,0.0,-1.94,0.05,69.2,22,148
201605,Kern,43.0,0.0,0.0,0.0,0.0,0.0,-4.08,0.3,66.2,82,118
201607,Lassen,42.0,0.0,0.0,0.0,0.0,0.0,-0.44,0.02,67.0,46,109
201609,Sacramento,40.0,0.0,0.0,0.0,0.0,0.0,-2.25,0.0,72.9,0,241
201607,Contracosta,40.0,0.0,0.0,0.0,0.0,0.0,-0.39,0.0,72.2,0,225
201608,Mendocino,36.0,0.0,0.0,0.0,0.0,0.0,-1.2,0.01,69.3,0,138
201608,Sandiego,35.0,0.0,0.0,0.0,0.0,0.0,-4.64,0.0,77.6,0,392
201608,Shasta,35.0,0.0,0.0,0.0,0.0,0.0,-0.32,0.01,75.2,0,316
201607,Butte,35.0,0.0,0.0,0.0,0.0,0.0,-2.22,0.0,76.9,0,368
201609,Siskiyou,32.0,0.0,0.0,0.0,0.0,0.0,-1.63,0.08,60.1,169,23
201607,Tuolumne,32.0,0.0,0.0,0.0,0.0,0.0,-0.94,0.04,68.6,28,140
201606,Sacramento,32.0,0.0,0.0,0.0,0.0,0.0,-1.91,0.0,76.0,0,330
201607,Inyo,30.0,0.0,0.0,0.0,0.0,0.0,-3.48,0.11,84.1,0,592
201604,Merced,30.0,0.0,0.0,0.0,0.0,0.0,1.87,1.79,62.9,123,60
201611,Sandiego,28.0,0.0,0.0,0.0,0.0,0.0,-3.6,1.17,60.8,151,25
201608,Amador,45.0,0.0,0.0,0.0,0.0,0.0,-1.71,0.02,75.7,0,331
201607,Siskiyou,49.0,0.0,0.0,0.0,0.0,0.0,-0.84,0.2,67.0,47,110
201608,Eldorado,25.0,0.0,0.0,0.0,0.0,0.0,-1.14,0.05,72.2,9,232
201606,Shasta,24.0,0.0,0.0,0.0,0.0,0.0,0.39,1.67,69.0,32,153
201605,Ventura,20.0,0.0,0.0,0.0,0.0,0.0,-5.22,0.31,57.6,238,9
201605,Shasta,11.0,0.0,0.0,0.0,0.0,0.0,0.05,2.2,60.1,191,39
201608,Alpine,0.0,0.0,0.0,0.0,0.0,0.0,-1.74,0.12,62.7,116,46
201606,Tulare,0.0,0.0,0.0,0.0,0.0,0.0,-1.99,0.15,69.9,25,171
201604,Losangeles,0.0,0.0,0.0,0.0,0.0,0.0,-4.86,0.43,60.8,167,42
201712,Santabarbara,281921.0,0.0,0.0,1063.0,280.0,878190000.0,-3.63,0.02,53.6,352,0
201712,Ventura,281893.0,0.0,0.0,1063.0,280.0,775935000.0,-4.5,0.01,52.8,380,0
201707,Lassen,83733.0,0.0,0.0,0.0,0.0,0.0,-1.4,0.16,70.0,18,174
201707,Modoc,83545.0,0.0,0.0,0.0,0.0,0.0,-1.08,0.42,70.5,17,187
201707,Mariposa,82087.0,0.0,0.0,131.0,22.0,37275000.0,-1.02,0.0,76.4,0,353
201708,Siskiyou,121759.0,0.0,0.0,0.0,0.0,0.0,-1.71,0.46,71.7,9,215
201710,Napa,144987.0,0.0,31.0,7111.0,1272.0,5027803000.0,-1.6,0.21,64.3,76,55
201710,Sonoma,114368.0,0.0,25.0,6997.0,491.0,4671412500.0,-1.9,0.44,62.9,92,26
201710,Solano,51724.0,0.0,6.0,120.0,783.0,212272500.0,-1.02,0.17,64.8,66,61
201707,Kings,48889.0,0.0,0.0,1.0,0.0,222000.0,-0.2,0.0,84.8,0,613
201708,Tulare,38851.0,5.0,0.0,2.0,0.0,449800.0,-0.73,0.33,73.9,0,280
201710,Mendocino,36523.0,1.0,9.0,546.0,44.0,230040000.0,-2.48,0.86,59.2,186,7
201707,Sanluisobispo,31098.0,0.0,0.0,0.0,1.0,450000.0,-0.44,0.0,76.0,0,340
201707,Siskiyou,27900.0,0.0,0.0,0.0,0.0,0.0,-1.47,0.06,71.0,13,200
201708,Trinity,26646.0,0.0,0.0,0.0,0.0,0.0,-1.68,0.25,74.8,0,304
201709,Tulare,18900.0,0.0,0.0,0.0,0.0,0.0,-0.53,0.58,65.1,68,72
201708,Lassen,26206.0,0.0,0.0,0.0,0.0,0.0,-1.23,0.79,70.1,17,176
201707,Santabarbara,18480.0,0.0,0.0,0.0,0.0,0.0,-1.76,0.01,71.9,0,217
201706,Tulare,16505.0,6.0,0.0,0.0,0.0,0.0,-0.37,0.14,68.7,35,146
201712,Losangeles,22090.0,0.0,0.0,43.0,29.0,33217175.0,-4.18,0.01,55.1,313,6
201709,Trinity,13417.0,0.0,0.0,0.0,0.0,0.0,-1.71,0.85,65.7,61,82
201708,Madera,12407.0,0.0,0.0,0.0,0.0,0.0,-0.64,0.44,75.8,0,336
201705,Fresno,10847.0,0.0,0.0,0.0,0.0,0.0,0.42,0.51,60.2,186,38
201710,Yuba,9989.0,0.0,4.0,264.0,10.0,73154550.0,-1.85,0.6,64.0,102,69
201710,Orange,9217.0,4.0,0.0,25.0,55.0,41265000.0,-2.01,0.0,71.8,6,218
201708,Mono,8925.0,0.0,0.0,0.0,0.0,0.0,-0.57,0.91,64.2,78,54
201710,Butte,14718.0,0.0,0.0,80.0,3.0,25077550.0,-1.86,0.7,63.1,116,57
201708,Mariposa,15219.0,0.0,0.0,0.0,0.0,0.0,-0.79,0.5,75.2,0,318
201708,Modoc,7752.0,0.0,0.0,0.0,0.0,0.0,-1.21,0.49,69.8,20,170
201709,Losangeles,7194.0,0.0,0.0,0.0,0.0,0.0,-2.7,0.24,71.2,11,197
201706,Riverside,6757.0,0.0,0.0,0.0,0.0,0.0,0.59,0.0,84.1,0,574
201707,Butte,6344.0,0.0,0.0,41.0,60.0,21292900.0,-1.06,0.0,80.0,0,463
201704,Fresno,6840.0,0.0,0.0,0.0,0.0,0.0,0.52,3.01,51.9,399,6
201707,Stanislaus,5328.0,0.0,0.0,0.0,0.0,0.0,-0.27,0.0,80.3,0,475
201707,Plumas,4310.0,0.0,0.0,0.0,0.0,0.0,-1.5,0.03,68.8,24,142
201712,Sandiego,4100.0,0.0,0.0,157.0,64.0,114345000.0,-3.12,0.04,57.2,252,9
201708,Butte,4016.0,2.0,0.0,54.0,0.0,15714000.0,-1.34,0.01,79.2,0,442
201709,Riverside,3943.0,0.0,0.0,0.0,0.0,0.0,0.58,0.64,79.0,0,421
201707,Kern,6999.0,0.0,0.0,0.0,0.0,0.0,-0.34,0.01,84.0,0,588
201709,Orange,2662.0,0.0,0.0,0.0,0.0,0.0,-1.64,0.1,72.6,6,235
201709,Plumas,2654.0,0.0,0.0,0.0,0.0,0.0,-1.47,1.04,59.3,185,15
201708,Kings,2312.0,0.0,0.0,0.0,0.0,0.0,-0.24,0.0,84.5,0,605
201707,Tulare,2843.0,0.0,0.0,0.0,0.0,0.0,-0.68,0.02,75.6,0,327
201707,Yolo,2269.0,4.0,0.0,0.0,0.0,0.0,-0.13,0.0,79.0,0,435
201710,Lake,2394.0,0.0,0.0,162.0,8.0,42745000.0,-2.49,0.42,61.5,133,25
201705,Sandiego,3567.0,0.0,0.0,0.0,0.0,0.0,-0.98,1.15,64.3,95,73
201707,Monterey,1856.0,0.0,0.0,0.0,0.0,0.0,-0.39,0.03,72.2,0,223
201705,Merced,1800.0,0.0,0.0,0.0,0.0,0.0,3.25,0.12,68.3,40,142
201709,Stanislaus,1749.0,0.0,0.0,0.0,0.0,0.0,-0.71,0.03,73.6,0,258
201707,Fresno,3335.0,0.0,0.0,5.0,0.0,1290000.0,-0.39,0.01,76.6,0,359
201706,Sanluisobispo,1748.0,0.0,0.0,4.0,0.0,3600000.0,-0.11,0.0,71.2,6,192
201706,Kern,3022.0,0.0,0.0,0.0,0.0,0.0,0.6,0.01,77.7,0,382
201706,Sanbernardino,2173.0,0.0,0.0,0.0,0.0,0.0,0.43,0.0,85.1,0,604
201706,Madera,1613.0,0.0,0.0,0.0,0.0,0.0,-0.43,0.14,70.3,22,182
201704,Riverside,1377.0,0.0,0.0,0.0,0.0,0.0,0.05,0.01,68.1,57,151
201709,Kern,1359.0,0.0,0.0,0.0,0.0,0.0,-0.24,0.32,72.8,6,240
201707,Sacramento,1286.0,0.0,0.0,0.0,0.0,0.0,-0.29,0.0,80.4,0,476
201710,Sandiego,1294.0,0.0,0.0,0.0,0.0,0.0,-1.59,0.02,69.0,23,148
201708,Riverside,2121.0,0.0,0.0,0.0,0.0,0.0,0.21,0.57,87.5,0,698
201709,Madera,1512.0,0.0,0.0,4.0,0.0,1079600.0,-0.3,0.78,67.3,38,108
201708,Plumas,1206.0,0.0,0.0,0.0,0.0,0.0,-1.7,0.36,69.6,19,161
201709,Shasta,1020.0,3.0,0.0,0.0,0.0,0.0,-2.0,0.44,68.4,35,137
201707,Mendocino,920.0,1.0,0.0,0.0,0.0,0.0,-1.37,0.01,70.5,5,176
201708,Yuba,867.0,0.0,0.0,0.0,0.0,0.0,-1.26,0.01,80.3,0,474
201710,Riverside,939.0,0.0,0.0,0.0,0.0,0.0,-0.52,0.0,73.1,9,260
201710,Nevada,916.0,0.0,0.0,61.0,4.0,24475500.0,-1.76,0.95,55.8,296,10
201706,Losangeles,1681.0,0.0,0.0,0.0,0.0,0.0,-2.72,0.03,73.8,7,270
201708,Sanluisobispo,1305.0,0.0,0.0,0.0,0.0,0.0,-0.72,0.01,75.4,0,321
201707,Sierra,747.0,0.0,0.0,0.0,0.0,0.0,-1.26,0.04,67.8,32,119
201707,Tuolumne,814.0,0.0,0.0,0.0,0.0,0.0,-1.1,0.01,70.7,14,192
201709,Mariposa,690.0,0.0,0.0,2.0,0.0,598000.0,-0.47,0.91,65.8,61,85
201706,Mariposa,693.0,0.0,0.0,0.0,0.0,0.0,-0.55,0.29,69.3,31,161
201706,Modoc,604.0,0.0,0.0,0.0,0.0,0.0,-0.76,0.96,61.6,145,42
201705,Kern,895.0,0.0,0.0,0.0,0.0,0.0,0.36,0.18,67.0,70,132
201707,Sanbernardino,968.0,0.0,0.0,0.0,0.0,0.0,-0.18,0.35,90.1,0,777
201706,Fresno,1069.0,0.0,0.0,0.0,0.0,0.0,0.46,0.09,70.0,25,174
201709,Santabarbara,444.0,0.0,0.0,0.0,0.0,0.0,-1.55,0.44,68.7,17,129
201710,Eldorado,455.0,0.0,0.0,0.0,0.0,0.0,-1.48,0.78,57.5,248,17
201707,Sandiego,655.0,0.0,0.0,0.0,0.0,0.0,-1.25,0.1,78.9,0,432
201708,Nevada,392.0,1.0,0.0,0.0,1.0,187500.0,-1.44,0.2,72.7,7,245
201710,Santacruz,391.0,1.0,0.0,6.0,0.0,5202000.0,-1.71,0.21,62.4,101,21
201704,Modoc,380.0,0.0,0.0,0.0,0.0,0.0,2.73,2.51,42.0,692,0
201711,Mono,370.0,0.0,0.0,0.0,0.0,0.0,-0.46,2.59,40.6,731,0
201707,Contracosta,601.0,0.0,0.0,0.0,0.0,0.0,-0.1,0.0,75.3,0,319
201708,Kern,388.0,0.0,0.0,0.0,0.0,0.0,-0.48,0.05,81.9,0,525
201708,Sanbernardino,325.0,0.0,0.0,0.0,0.0,0.0,-0.41,0.36,87.0,0,682
201707,Delnorte,319.0,0.0,0.0,0.0,0.0,0.0,-0.67,0.0,68.2,10,109
201712,Riverside,404.0,0.0,0.0,0.0,0.0,0.0,-1.95,0.0,57.2,252,10
201712,Sanbernardino,294.0,0.0,0.0,0.0,0.0,0.0,-2.1,0.0,53.0,376,0
201709,Sanluisobispo,569.0,0.0,0.0,0.0,0.0,0.0,-0.65,0.26,70.0,8,158
201709,Fresno,347.0,0.0,0.0,0.0,0.0,0.0,-0.51,0.45,67.2,39,104
201707,Eldorado,476.0,0.0,0.0,0.0,0.0,0.0,-0.99,0.01,74.5,0,298
201705,Sanluisobispo,609.0,0.0,0.0,0.0,0.0,0.0,-0.15,0.36,62.4,118,36
201707,Riverside,751.0,0.0,0.0,0.0,0.0,0.0,0.16,0.1,89.3,0,752
201709,Lake,279.0,0.0,0.0,0.0,0.0,0.0,-1.92,0.04,69.3,15,143
201708,Alameda,244.0,0.0,0.0,0.0,0.0,0.0,-0.29,0.01,72.1,0,221
201708,Sandiego,262.0,0.0,0.0,0.0,0.0,0.0,-1.12,0.49,77.8,0,396
201710,Tehama,224.0,0.0,0.0,0.0,0.0,0.0,-2.07,0.78,62.2,134,46
201705,Santabarbara,190.0,0.0,0.0,0.0,0.0,0.0,-1.22,0.39,59.7,177,12
201710,Kern,417.0,0.0,0.0,0.0,0.0,0.0,-0.68,0.01,64.9,88,84
201707,Shasta,335.0,0.0,0.0,5.0,0.0,1275000.0,-1.55,0.0,77.1,0,374
201706,Sierra,168.0,0.0,0.0,0.0,0.0,0.0,-0.72,0.64,60.7,158,27
201709,Alameda,177.0,0.0,0.0,0.0,0.0,0.0,-0.55,0.06,70.9,0,182
201705,Madera,150.0,0.0,0.0,0.0,0.0,0.0,-0.34,0.33,61.2,166,47
201704,Sanbernardino,150.0,0.0,0.0,0.0,0.0,0.0,-0.48,0.02,65.5,101,117
201710,Trinity,148.0,0.0,0.0,0.0,0.0,0.0,-2.13,1.28,54.5,325,0
201709,Mendocino,146.0,3.0,0.0,0.0,0.0,0.0,-1.94,0.21,67.4,20,93
201709,Butte,183.0,0.0,0.0,0.0,0.0,0.0,-1.41,0.41,71.9,9,216
201709,Eldorado,136.0,0.0,0.0,0.0,0.0,0.0,-0.99,0.95,64.8,80,75
201707,Losangeles,135.0,0.0,0.0,0.0,0.0,0.0,-3.01,0.01,79.1,0,438
201706,Butte,357.0,0.0,0.0,0.0,0.0,0.0,-0.67,0.92,74.1,7,282
201710,Calaveras,130.0,0.0,0.0,4.0,0.0,1192000.0,-1.66,0.54,62.6,128,52
201709,Sandiego,155.0,0.0,0.0,0.0,0.0,0.0,-1.14,0.19,71.7,8,210
201705,Riverside,244.0,0.0,0.0,0.0,0.0,0.0,0.45,0.22,72.7,16,253
201707,Calaveras,198.0,0.0,0.0,0.0,0.0,0.0,-0.83,0.0,78.8,0,427
201710,Alameda,116.0,0.0,0.0,0.0,0.0,0.0,-1.1,0.21,63.9,78,42
201708,Napa,114.0,0.0,0.0,0.0,0.0,0.0,-0.72,0.0,74.9,0,306
201708,Fresno,313.0,0.0,0.0,0.0,0.0,0.0,-0.55,0.23,75.6,0,329
201707,Santaclara,300.0,0.0,0.0,0.0,0.0,0.0,-0.33,0.0,72.7,0,240
201709,Santaclara,100.0,0.0,0.0,0.0,0.0,0.0,-0.8,0.1,69.9,7,155
201708,Santaclara,100.0,0.0,0.0,0.0,0.0,0.0,-0.6,0.0,73.1,0,251
201711,Sanbernardino,99.0,0.0,0.0,0.0,0.0,0.0,-1.42,0.0,61.4,149,42
201707,Madera,90.0,0.0,0.0,0.0,0.0,0.0,-0.83,0.0,77.0,0,374
201710,Ventura,86.0,0.0,0.0,0.0,0.0,0.0,-3.31,0.02,64.2,79,53
201708,Humboldt,208.0,0.0,0.0,0.0,0.0,0.0,-1.05,0.36,70.8,0,178
201706,Santaclara,139.0,0.0,0.0,0.0,0.0,0.0,-0.11,0.08,68.2,22,119
201708,Monterey,82.0,0.0,0.0,0.0,0.0,0.0,-0.57,0.02,72.5,0,232
201712,Eldorado,80.0,0.0,0.0,0.0,0.0,0.0,-1.35,0.87,45.4,609,0
201705,Tulare,79.0,0.0,0.0,0.0,0.0,0.0,-0.51,0.56,58.5,226,25
201706,Tehama,180.0,0.0,0.0,0.0,0.0,0.0,-0.79,0.47,73.5,9,265
201710,Sanluisobispo,139.0,0.0,0.0,0.0,0.0,0.0,-1.16,0.07,64.3,75,52
201707,Colusa,70.0,0.0,0.0,0.0,0.0,0.0,-0.17,0.0,80.7,0,488
201706,Sacramento,103.0,0.0,0.0,0.0,0.0,0.0,4.21,0.19,75.6,0,319
201706,Lassen,67.0,0.0,0.0,0.0,0.0,0.0,-0.92,0.66,61.8,139,44
201706,Stanislaus,65.0,0.0,0.0,0.0,0.0,0.0,3.46,0.02,75.1,0,305
201708,Lake,62.0,0.0,0.0,0.0,0.0,0.0,-1.68,0.0,77.6,0,392
201710,Fresno,58.0,0.0,0.0,3.0,0.0,764850.0,-0.99,0.15,58.3,221,15
201707,Tehama,86.0,0.0,0.0,0.0,0.0,0.0,-1.32,0.0,80.0,0,464
201706,Siskiyou,121.0,0.0,0.0,0.0,0.0,0.0,-0.85,0.89,62.0,129,39
201709,Solano,55.0,0.0,0.0,2.0,1.0,1056250.0,-0.48,0.02,72.8,0,236
201710,Losangeles,50.0,0.0,0.0,0.0,0.0,0.0,-2.95,0.02,67.9,37,127
201709,Sanmateo,50.0,0.0,0.0,0.0,0.0,0.0,-0.9,0.15,68.3,14,114
201707,Yuba,89.0,0.0,0.0,5.0,0.0,1334450.0,-1.02,0.0,80.7,0,486
201707,Ventura,50.0,0.0,0.0,0.0,0.0,0.0,-3.08,0.0,73.8,0,274
201706,Sandiego,123.0,0.0,0.0,0.0,0.0,0.0,-0.95,0.01,73.7,0,267
201711,Sanbenito,47.0,0.0,0.0,0.0,0.0,0.0,-2.01,0.6,54.7,312,0
201704,Shasta,45.0,0.0,0.0,0.0,0.0,0.0,3.8,6.67,49.4,467,0
201711,Tehama,43.0,0.0,0.0,0.0,0.0,0.0,-1.51,6.19,49.9,454,0
201709,Monterey,43.0,0.0,0.0,0.0,0.0,0.0,-0.78,0.07,70.2,6,163
201706,Monterey,135.0,0.0,0.0,0.0,0.0,0.0,-0.24,0.05,68.0,19,108
201711,Riverside,40.0,0.0,0.0,0.0,0.0,0.0,-1.19,0.02,64.6,89,76
201710,Sanbernardino,40.0,0.0,0.0,0.0,0.0,0.0,-0.77,0.0,70.0,29,185
201710,Shasta,77.0,0.0,0.0,0.0,0.0,0.0,-2.37,0.81,57.7,240,14
201709,Delnorte,40.0,0.0,0.0,0.0,0.0,0.0,-1.27,1.42,62.3,99,18
201708,Tehama,55.0,0.0,0.0,0.0,0.0,0.0,-1.6,0.05,80.0,0,466
201707,Lake,40.0,0.0,0.0,0.0,0.0,0.0,-1.37,0.0,76.7,0,363
201709,Tuolumne,39.0,0.0,0.0,0.0,0.0,0.0,-0.65,1.26,60.6,156,24
201706,Solano,39.0,0.0,0.0,0.0,0.0,0.0,4.25,0.26,72.4,6,228
201706,Marin,38.0,0.0,0.0,0.0,0.0,0.0,-0.31,0.3,61.8,116,18
201706,Tuolumne,38.0,0.0,0.0,0.0,0.0,0.0,-0.61,0.42,63.3,115,64
201707,Marin,35.0,0.0,0.0,0.0,0.0,0.0,-0.45,0.0,63.3,71,18
201707,Sanbenito,34.0,0.0,0.0,0.0,0.0,0.0,-0.64,0.02,76.2,0,346
201710,Monterey,31.0,0.0,0.0,0.0,0.0,0.0,-1.26,0.15,63.2,92,37
201708,Losangeles,40.0,0.0,0.0,0.0,0.0,0.0,-2.98,0.09,77.8,0,398
201706,Delnorte,28.0,0.0,0.0,0.0,0.0,0.0,-0.41,1.64,60.7,135,6
201709,Yuba,26.0,0.0,0.0,0.0,0.0,0.0,-1.42,0.19,73.0,6,245
201706,Napa,22.0,0.0,0.0,0.0,0.0,0.0,-0.26,0.38,70.9,11,188
201706,Shasta,21.0,0.0,0.0,0.0,0.0,0.0,-0.97,0.77,69.8,26,171
201705,Sanbenito,21.0,0.0,0.0,0.0,0.0,0.0,-0.39,0.11,62.6,122,46
201710,Humboldt,20.0,0.0,0.0,0.0,0.0,0.0,-1.59,1.87,56.4,268,0
201708,Tuolumne,20.0,0.0,0.0,0.0,0.0,0.0,-1.02,0.56,69.6,19,163
201706,Contracosta,20.0,0.0,0.0,0.0,0.0,0.0,3.78,0.08,70.7,12,185
201705,Kings,20.0,0.0,0.0,0.0,0.0,0.0,2.64,0.34,70.1,30,189
201705,Monterey,55.0,0.0,0.0,0.0,0.0,0.0,-0.32,0.11,61.7,130,29
201708,Sonoma,18.0,0.0,0.0,0.0,0.0,0.0,-1.0,0.01,69.0,0,128
201710,Mariposa,17.0,0.0,0.0,0.0,0.0,0.0,-0.99,0.4,58.9,210,20
201708,Shasta,17.0,0.0,0.0,0.0,0.0,0.0,-1.88,0.11,77.8,0,398
201705,Sanbernardino,16.0,0.0,0.0,0.0,0.0,0.0,0.35,0.19,72.2,22,245
201707,Nevada,35.0,0.0,0.0,0.0,0.0,0.0,-1.21,0.01,72.6,6,243
201705,Calaveras,15.0,0.0,0.0,0.0,0.0,0.0,-0.34,0.54,63.3,129,78
201710,Stanislaus,13.0,0.0,0.0,0.0,0.0,0.0,-1.15,0.12,64.4,78,58
201707,Sonoma,11.0,0.0,0.0,0.0,0.0,0.0,-0.75,0.0,68.4,7,114
201708,Amador,10.0,0.0,0.0,0.0,0.0,0.0,-0.81,0.14,77.9,0,401
201705,Yuba,10.0,0.0,0.0,0.0,0.0,0.0,-0.46,0.3,67.3,68,138
201704,Monterey,10.0,0.0,0.0,0.0,0.0,0.0,-0.39,1.74,56.4,265,7
201707,Glenn,0.0,0.0,0.0,0.0,0.0,0.0,-0.79,0.0,80.1,0,469
201702,Butte,0.0,0.0,0.0,0.0,0.0,0.0,2.81,15.79,47.8,481,0
201807,Colusa,459198.0,3.0,1.0,281.0,0.0,147525000.0,-2.1,0.0,81.5,0,512
201807,Glenn,410203.0,3.0,1.0,246.0,0.0,57810000.0,-2.58,0.0,80.9,0,494
201807,Lake,459253.0,3.0,1.0,283.0,0.0,70735850.0,-2.48,0.0,78.0,0,401
201807,Mendocino,460252.0,3.0,1.0,281.0,0.0,110643750.0,-2.24,0.01,71.8,0,213
201807,Shasta,229831.0,0.0,3.0,1614.0,61.0,460460000.0,-2.5,0.05,78.0,0,401
201807,Trinity,229651.0,0.0,3.0,1614.0,61.0,491627719.5945946,-2.33,0.15,74.4,0,293
201811,Butte,153336.0,3.0,85.0,18804.0,0.0,6147779760.0,-2.44,6.08,53.2,354,0
201811,Losangeles,96949.0,0.0,3.0,1643.0,341.0,1004570190.0,-4.65,1.45,58.4,215,16
201811,Ventura,101816.0,0.0,3.0,1647.0,345.0,1171284930.0,-4.28,1.87,56.1,273,7
201807,Mariposa,96941.0,0.0,0.0,0.0,0.0,0.0,-1.47,0.06,77.3,0,382
201806,Napa,90288.0,1.0,0.0,29.0,0.0,21460000.0,-1.44,0.0,70.0,15,165
201806,Yolo,90302.0,1.0,0.0,29.0,0.0,13050000.0,1.01,0.0,73.7,0,266
201809,Shasta,63400.0,0.0,0.0,43.0,0.0,10965000.0,-2.98,0.05,67.4,46,117
201809,Trinity,65062.0,0.0,0.0,42.0,0.0,12556013.513513515,-2.89,0.24,64.4,80,62
201808,Shasta,48205.0,0.0,0.0,0.0,0.0,0.0,-2.76,0.0,73.0,0,253
201808,Modoc,39387.0,0.0,0.0,0.0,0.0,0.0,-0.86,0.02,67.0,47,110
201807,Siskiyou,38457.0,3.0,1.0,83.0,12.0,19847000.0,-2.69,0.29,71.5,11,213
201808,Tuolumne,36450.0,0.0,0.0,0.0,0.0,0.0,-1.54,0.06,68.0,33,127
201808,Orange,23136.0,0.0,0.0,24.0,0.0,20124000.0,-5.73,0.0,76.6,0,361
201807,Lassen,19061.0,1.0,0.0,0.0,0.0,0.0,-0.27,0.07,71.0,13,198
201806,Lake,15217.0,1.0,0.0,22.0,0.0,6573600.0,-2.13,0.01,69.1,22,145
201807,Riverside,13759.0,0.0,0.0,12.0,0.0,4896000.0,-4.11,0.27,90.0,0,774
201806,Sanjoaquin,12362.0,0.0,0.0,1.0,0.0,377150.0,-3.3,0.0,74.2,0,281
201809,Mono,6974.0,0.0,0.0,0.0,0.0,0.0,-0.84,0.09,57.6,226,6
201806,Merced,5017.0,0.0,0.0,0.0,0.0,0.0,-3.69,0.0,73.6,5,263
201810,Solano,4660.0,0.0,0.0,0.0,0.0,0.0,-2.1,0.2,65.6,55,73
201806,Madera,4424.0,0.0,0.0,0.0,0.0,0.0,-1.7,0.0,69.3,30,159
201810,Tehama,3889.0,0.0,0.0,0.0,0.0,0.0,-2.85,0.9,62.4,130,48
201806,Tehama,7213.0,1.0,0.0,29.0,0.0,6812100.0,-1.82,0.17,72.5,12,236
201808,Humboldt,3674.0,0.0,0.0,0.0,0.0,0.0,-2.37,0.02,67.4,9,85
201809,Losangeles,3546.0,0.0,0.0,0.0,0.0,0.0,-5.48,0.0,73.3,5,254
201808,Kings,2995.0,0.0,0.0,0.0,0.0,0.0,-3.86,0.0,81.1,0,500
201808,Kern,3465.0,0.0,0.0,0.0,0.0,0.0,-4.09,0.0,80.8,0,490
201807,Inyo,3221.0,0.0,0.0,0.0,0.0,0.0,-3.25,0.67,86.2,0,656
201809,Napa,2490.0,0.0,0.0,0.0,0.0,0.0,-1.77,0.04,69.0,14,133
201806,Glenn,2417.0,0.0,0.0,1.0,0.0,227710.0,-2.42,0.01,73.4,8,259
201808,Monterey,2875.0,0.0,0.0,0.0,0.0,0.0,-2.0,0.0,70.8,0,184
201808,Solano,2162.0,0.0,0.0,1.0,0.0,455000.0,-1.56,0.0,72.1,0,221
201807,Modoc,2152.0,0.0,0.0,0.0,0.0,0.0,-0.36,0.14,70.5,17,187
201802,Inyo,2070.0,0.0,0.0,0.0,0.0,0.0,-2.75,0.13,45.5,546,0
201805,Merced,1844.0,0.0,0.0,0.0,0.0,0.0,-3.19,0.07,66.2,67,105
201806,Shasta,2006.0,1.0,0.0,11.0,0.0,3096500.0,-2.05,0.12,69.0,33,152
201811,Solano,1500.0,0.0,0.0,0.0,0.0,0.0,-1.63,3.32,56.4,263,0
201806,Sanluisobispo,1902.0,0.0,0.0,12.0,0.0,10800000.0,-3.28,0.0,68.2,21,116
201806,Losangeles,1609.0,0.0,0.0,0.0,0.0,0.0,-5.54,0.0,71.4,15,206
201807,Sanbernardino,1462.0,0.0,0.0,0.0,0.0,0.0,-3.49,0.51,90.4,0,787
201806,Sanbenito,2141.0,0.0,0.0,0.0,0.0,0.0,-3.15,0.0,68.9,20,136
201804,Inyo,1265.0,0.0,0.0,0.0,0.0,0.0,-2.98,0.25,61.4,173,65
201805,Riverside,1356.0,0.0,0.0,0.0,0.0,0.0,-4.16,0.07,72.3,17,244
201807,Sutter,1200.0,0.0,0.0,0.0,0.0,0.0,-0.25,0.0,81.9,0,523
201809,Placer,1120.0,0.0,0.0,0.0,0.0,0.0,-1.39,0.02,66.0,60,91
201808,Santabarbara,1014.0,0.0,0.0,0.0,0.0,0.0,-5.13,0.0,71.8,0,215
201807,Kern,1055.0,0.0,0.0,0.0,0.0,0.0,-4.26,0.08,84.9,0,616
201807,Butte,1207.0,2.0,0.0,0.0,0.0,0.0,-2.34,0.01,80.7,0,488
201807,Tehama,939.0,0.0,0.0,0.0,0.0,0.0,-2.22,0.01,81.0,0,495
201807,Amador,825.0,0.0,0.0,1.0,0.0,327000.0,-0.95,0.04,79.8,0,459
201807,Yolo,822.0,0.0,0.0,0.0,0.0,0.0,-0.12,0.01,79.7,0,456
201808,Placer,700.0,0.0,0.0,0.0,0.0,0.0,-0.98,0.01,71.1,11,201
201808,Tulare,668.0,0.0,0.0,0.0,0.0,0.0,-2.72,0.0,72.8,5,248
201806,Lassen,1087.0,0.0,0.0,4.0,0.0,848000.0,-0.24,0.32,60.2,174,28
201807,Alameda,674.0,0.0,0.0,0.0,0.0,0.0,-1.64,0.0,72.6,0,237
201809,Tuolumne,573.0,0.0,0.0,0.0,0.0,0.0,-1.87,0.09,63.0,109,48
201810,Butte,560.0,0.0,0.0,0.0,0.0,0.0,-2.92,0.99,63.7,106,66
201807,Sandiego,1127.0,0.0,0.0,48.0,1.0,31525000.0,-5.84,0.18,80.0,0,466
201805,Alameda,496.0,0.0,0.0,1.0,0.0,1025000.0,-1.69,0.02,60.3,165,18
201809,Monterey,400.0,0.0,0.0,0.0,0.0,0.0,-2.11,0.0,67.2,23,91
201806,Monterey,481.0,0.0,0.0,0.0,0.0,0.0,-1.93,0.0,66.3,37,76
201809,Madera,360.0,0.0,0.0,0.0,0.0,0.0,-2.22,0.05,68.6,25,134
201806,Butte,417.0,0.0,0.0,0.0,0.0,0.0,-1.89,0.02,73.1,10,253
201807,Santaclara,577.0,0.0,0.0,1.0,0.0,1351000.0,-1.4,0.01,74.2,0,284
201807,Eldorado,316.0,0.0,0.0,0.0,0.0,0.0,-0.89,0.11,75.8,0,334
201806,Trinity,300.0,0.0,0.0,0.0,0.0,0.0,-1.99,0.14,64.3,86,64
201805,Sandiego,389.0,0.0,0.0,0.0,0.0,0.0,-5.02,0.16,63.8,102,66
201805,Kern,293.0,0.0,0.0,0.0,0.0,0.0,-3.52,0.11,66.2,82,118
201808,Calaveras,426.0,0.0,0.0,0.0,0.0,0.0,-1.83,0.0,75.5,0,326
201808,Madera,377.0,0.0,0.0,0.0,0.0,0.0,-2.03,0.01,73.6,0,270
201807,Sanbenito,433.0,0.0,0.0,0.0,0.0,0.0,-3.31,0.01,77.9,0,400
201806,Contracosta,356.0,0.0,0.0,0.0,0.0,0.0,1.04,0.0,69.6,19,155
201806,Sandiego,325.0,1.0,0.0,0.0,0.0,0.0,-5.57,0.0,71.8,10,215
201809,Tehama,261.0,0.0,0.0,0.0,0.0,0.0,-2.6,0.01,70.5,16,181
201803,Santabarbara,258.0,0.0,0.0,0.0,0.0,0.0,-3.68,5.45,51.5,420,0
201808,Sandiego,364.0,0.0,0.0,0.0,0.0,0.0,-5.84,0.02,79.3,0,442
201807,Contracosta,348.0,1.0,0.0,1.0,0.0,680000.0,-0.08,0.0,74.7,0,302
201809,Kern,200.0,0.0,0.0,0.0,0.0,0.0,-3.99,0.0,75.1,0,302
201806,Orange,330.0,0.0,0.0,0.0,0.0,0.0,-5.71,0.0,68.7,20,131
201809,Santabarbara,172.0,0.0,0.0,0.0,0.0,0.0,-4.96,0.0,67.7,25,105
201810,Monterey,317.0,0.0,0.0,0.0,0.0,0.0,-2.34,0.27,62.6,105,29
201806,Tuolumne,163.0,0.0,0.0,0.0,0.0,0.0,-0.76,0.0,63.0,120,60
201806,Riverside,212.0,0.0,0.0,0.0,0.0,0.0,-4.41,0.0,81.9,0,508
201809,Marin,152.0,0.0,0.0,0.0,0.0,0.0,-0.89,0.02,60.8,135,10
201809,Eldorado,162.0,0.0,0.0,4.0,0.0,1860000.0,-1.67,0.02,66.8,53,106
201811,Sanbernardino,147.0,0.0,0.0,0.0,0.0,0.0,0.21,0.36,57.1,251,13
201807,Napa,135.0,0.0,0.0,8.0,4.0,7270000.0,-1.54,0.01,75.2,0,315
201807,Losangeles,128.0,0.0,0.0,0.0,0.0,0.0,-5.87,0.01,80.8,0,490
201805,Siskiyou,154.0,0.0,0.0,0.0,0.0,0.0,-2.29,1.97,55.7,300,10
201808,Sanbernardino,125.0,0.0,0.0,0.0,0.0,0.0,-3.65,0.15,88.2,0,718
201810,Tulare,120.0,0.0,0.0,0.0,0.0,0.0,-2.72,0.71,56.4,274,9
201808,Plumas,117.0,0.0,0.0,0.0,0.0,0.0,-0.93,0.0,66.2,55,91
201806,Mariposa,168.0,0.0,0.0,1.0,0.0,307000.0,-1.08,0.0,68.6,38,146
201807,Santabarbara,300.0,0.0,0.0,24.0,0.0,13200000.0,-5.14,0.0,73.5,0,264
201805,Fresno,108.0,0.0,0.0,0.0,0.0,0.0,-2.29,0.26,59.6,201,32
201808,Mendocino,106.0,0.0,0.0,0.0,0.0,0.0,-2.45,0.01,68.4,8,114
201808,Lake,163.0,0.0,0.0,0.0,0.0,0.0,-2.65,0.0,73.4,0,262
201805,Tehama,103.0,0.0,0.0,0.0,0.0,0.0,-1.64,0.93,64.3,115,93
201807,Tulare,134.0,0.0,0.0,0.0,0.0,0.0,-2.51,0.28,76.6,0,359
201805,Sanluisobispo,125.0,0.0,0.0,0.0,0.0,0.0,-3.11,0.02,60.7,153,21
201806,Kern,95.0,0.0,0.0,0.0,0.0,0.0,-4.1,0.0,76.0,0,335
201811,Lassen,88.0,0.0,0.0,0.0,0.0,0.0,-1.36,1.98,38.7,790,0
201809,Sanluisobispo,131.0,0.0,0.0,0.0,0.0,0.0,-3.45,0.0,69.7,9,150
201806,Calaveras,80.0,0.0,0.0,2.0,0.0,626000.0,-1.18,0.0,71.2,19,205
201806,Fresno,89.0,0.0,0.0,0.0,0.0,0.0,-2.26,0.0,68.8,34,149
201805,Glenn,75.0,0.0,0.0,0.0,0.0,0.0,-2.36,0.27,65.7,88,109
201804,Riverside,127.0,0.0,0.0,0.0,0.0,0.0,-3.78,0.0,69.2,45,171
201806,Santaclara,70.0,0.0,0.0,0.0,0.0,0.0,-1.45,0.0,66.9,36,92
201808,Eldorado,133.0,0.0,0.0,1.0,3.0,1200000.0,-1.26,0.02,71.7,11,219
201810,Santaclara,63.0,0.0,0.0,0.0,0.0,0.0,-2.24,0.1,63.0,97,35
201806,Siskiyou,112.0,0.0,0.0,0.0,0.0,0.0,-2.44,0.34,60.6,158,26
201805,Stanislaus,63.0,0.0,0.0,0.0,0.0,0.0,-3.04,0.12,65.4,81,94
201811,Tehama,60.0,0.0,0.0,0.0,0.0,0.0,0.22,5.8,53.2,354,0
201805,Santabarbara,60.0,0.0,0.0,0.0,0.0,0.0,-4.51,0.14,58.5,208,7
201810,Sanluisobispo,58.0,0.0,0.0,0.0,0.0,0.0,-3.39,0.39,63.2,92,38
201805,Madera,56.0,0.0,0.0,0.0,0.0,0.0,-1.74,0.37,60.1,189,36
201809,Sanbernardino,53.0,0.0,0.0,0.0,0.0,0.0,-3.8,0.01,82.4,0,522
201809,Lassen,53.0,0.0,0.0,0.0,0.0,0.0,-1.21,0.0,59.0,194,15
201802,Monterey,50.0,0.0,0.0,0.0,0.0,0.0,-3.75,0.35,50.7,401,0
201808,Alameda,78.0,0.0,0.0,0.0,0.0,0.0,-1.7,0.0,69.8,5,153
201810,Shasta,50.0,0.0,0.0,0.0,0.0,0.0,-3.15,1.19,58.1,229,16
201807,Sanluisobispo,81.0,0.0,0.0,0.0,0.0,0.0,-3.46,0.0,77.0,0,371
201809,Lake,60.0,0.0,0.0,0.0,0.0,0.0,-2.68,0.16,68.3,22,121
201808,Riverside,136.0,0.0,0.0,0.0,0.0,0.0,-4.02,0.22,88.6,0,733
201811,Mendocino,35.0,0.0,0.0,0.0,0.0,0.0,-2.43,6.32,51.0,420,0
201809,Butte,33.0,0.0,0.0,0.0,0.0,0.0,-2.68,0.0,71.4,11,202
201806,Sanbernardino,33.0,0.0,0.0,0.0,0.0,0.0,-3.94,0.0,83.5,0,554
201802,Tulare,33.0,0.0,0.0,0.0,0.0,0.0,-3.96,0.77,42.0,645,0
201810,Fresno,32.0,0.0,0.0,0.0,0.0,0.0,-2.73,0.49,58.1,228,13
201809,Santaclara,30.0,0.0,0.0,0.0,0.0,0.0,-1.73,0.0,67.5,22,97
201808,Contracosta,30.0,0.0,0.0,0.0,0.0,0.0,-0.28,0.0,71.2,0,195
201806,Sacramento,30.0,0.0,0.0,0.0,0.0,0.0,1.61,0.0,74.2,0,279
201804,Fresno,30.0,0.0,0.0,0.0,0.0,0.0,-2.3,1.71,54.0,341,10
201805,Tulare,26.0,0.0,0.0,0.0,0.0,0.0,-2.61,0.37,58.1,236,23
201809,Riverside,25.0,0.0,0.0,0.0,0.0,0.0,-4.08,0.01,83.6,0,556
201808,Mariposa,22.0,0.0,0.0,7.0,0.0,2275000.0,-1.72,0.01,73.3,0,261
201811,Contracosta,20.0,0.0,0.0,0.0,0.0,0.0,-0.74,3.09,57.4,233,6
201811,Alameda,20.0,0.0,0.0,0.0,0.0,0.0,-1.99,2.71,56.0,273,0
201806,Alameda,20.0,0.0,0.0,0.0,0.0,0.0,-1.62,0.0,67.4,30,103
201804,Plumas,20.0,0.0,0.0,0.0,0.0,0.0,1.7,4.47,44.5,615,0
201811,Santacruz,27.0,0.0,0.0,0.0,0.0,0.0,-2.03,5.08,56.7,254,0
201806,Amador,17.0,0.0,0.0,0.0,0.0,0.0,-0.43,0.01,71.2,19,205
201808,Nevada,16.0,0.0,0.0,0.0,0.0,0.0,-1.05,0.0,70.2,16,176
201807,Humboldt,16.0,0.0,0.0,0.0,0.0,0.0,-2.05,0.02,69.2,5,135
201805,Santaclara,16.0,0.0,0.0,0.0,0.0,0.0,-1.71,0.06,59.7,182,17
201810,Siskiyou,15.0,0.0,0.0,0.0,0.0,0.0,-3.5,0.97,51.6,416,0
201809,Modoc,15.0,0.0,0.0,0.0,0.0,0.0,-1.35,0.06,58.3,215,14
201807,Madera,23.0,0.0,0.0,0.0,0.0,0.0,-1.85,0.11,77.6,0,392
201806,Marin,12.0,0.0,0.0,0.0,0.0,0.0,-0.37,0.0,60.9,136,13
201805,Napa,12.0,0.0,0.0,0.0,0.0,0.0,-1.49,0.15,62.8,119,50
201803,Shasta,11.0,0.0,0.0,0.0,0.0,0.0,-2.54,7.9,43.5,665,0
201811,Humboldt,10.0,0.0,0.0,0.0,0.0,0.0,-2.6,6.96,49.1,476,0
201808,Napa,10.0,0.0,0.0,0.0,0.0,0.0,-1.65,0.0,71.9,0,215
201806,Sonoma,10.0,0.0,0.0,0.0,0.0,0.0,-1.32,0.0,64.6,64,50
201804,Humboldt,0.0,0.0,0.0,0.0,0.0,0.0,-1.07,6.23,51.6,401,0
201801,Santabarbara,0.0,0.0,0.0,0.0,0.0,0.0,-3.9,2.75,55.2,311,7
201801,Ventura,0.0,0.0,0.0,0.0,0.0,0.0,-4.67,2.87,54.4,338,9
201910,Ventura,12096.0,0.0,0.0,4.0,0.0,2640000.0,0.55,0.0,60.2,163,13
201908,Mariposa,1723.0,0.0,0.0,0.0,0.0,0.0,0.03,0.0,73.4,0,266
201910,Riverside,2267.0,0.0,2.0,75.0,17.0,35070000.0,1.25,0.0,68.8,34,151
201910,Tehama,694.0,0.0,0.0,1.0,0.0,262000.0,-0.68,0.16,59.4,196,21
201911,Placer,355.0,0.0,0.0,0.0,0.0,0.0,-1.18,2.09,49.6,463,0
201910,Monterey,289.0,0.0,0.0,0.0,0.0,0.0,-0.91,0.0,61.3,132,18
201910,Sanluisobispo,371.0,0.0,0.0,0.0,0.0,0.0,-0.87,0.0,61.7,123,22
201907,Mariposa,393.0,0.0,0.0,0.0,0.0,0.0,2.5,0.05,72.3,8,234
201910,Fresno,137.0,0.0,0.0,0.0,0.0,0.0,-0.96,0.0,56.0,285,7
201908,Lassen,7206.0,0.0,0.0,0.0,0.0,0.0,1.97,0.22,67.3,42,113
201910,Contracosta,455.0,0.0,0.0,0.0,0.0,0.0,-0.89,0.0,63.9,80,45
201910,Sandiego,194.0,0.0,0.0,3.0,1.0,2282000.0,0.95,0.0,65.4,66,79
201910,Alameda,47.0,0.0,0.0,0.0,0.0,0.0,-0.83,0.0,62.3,108,24
201907,Stanislaus,237.0,0.0,0.0,0.0,0.0,0.0,0.01,0.0,77.5,0,388
201907,Shasta,60.0,0.0,0.0,0.0,0.0,0.0,-0.34,0.0,73.5,5,268
201907,Calaveras,27.0,0.0,0.0,0.0,0.0,0.0,3.45,0.01,74.9,0,309
201908,Sanbernardino,26.0,0.0,0.0,0.0,0.0,0.0,2.05,0.06,87.6,0,700
201907,Sandiego,275.0,0.0,0.0,0.0,0.0,0.0,2.34,0.15,76.2,0,347
201909,Eldorado,107.0,2.0,0.0,4.0,0.0,1959600.0,2.54,1.61,63.0,111,49
201907,Alameda,47.0,0.0,0.0,0.0,0.0,0.0,0.05,0.0,70.5,0,174
201908,Riverside,240.0,0.0,0.0,0.0,0.0,0.0,1.89,0.0,87.8,0,706
201910,Mendocino,713.0,0.0,0.0,0.0,0.0,0.0,-0.82,0.37,56.8,256,0
201909,Santacruz,10.0,0.0,0.0,0.0,0.0,0.0,-0.26,0.11,68.4,15,117
201910,Sonoma,77758.0,4.0,0.0,374.0,60.0,266640000.0,-1.02,0.05,61.0,135,11
201909,Plumas,54612.0,0.0,0.0,0.0,0.0,0.0,2.66,2.35,56.7,256,6
201907,Modoc,14345.0,0.0,0.0,0.0,0.0,0.0,1.62,0.02,66.0,62,93
201909,Inyo,12271.0,0.0,0.0,0.0,0.0,0.0,-0.8,0.03,72.3,7,227
201909,Tehama,14170.0,0.0,0.0,2.0,0.0,451000.0,2.5,0.92,68.4,32,133
201910,Losangeles,14201.0,8.0,1.0,41.0,115.0,63818150.0,0.58,0.0,64.2,89,65
201909,Modoc,5737.0,0.0,0.0,0.0,0.0,0.0,2.18,1.81,55.3,296,5
201910,Mariposa,5563.0,0.0,0.0,1.0,0.0,295000.0,-0.85,0.02,56.3,281,10
201909,Mono,4840.0,0.0,0.0,0.0,0.0,0.0,-0.65,0.21,54.5,316,0
201910,Eldorado,3435.0,0.0,0.0,0.0,0.0,0.0,-0.74,0.1,54.8,323,8
201911,Santabarbara,3126.0,0.0,0.0,0.0,0.0,0.0,-0.68,2.19,56.2,269,0
201906,Monterey,2589.0,0.0,0.0,0.0,0.0,0.0,2.24,0.03,67.6,22,100
201911,Tehama,2534.0,4.0,0.0,0.0,0.0,0.0,-1.27,1.4,54.8,310,0
201906,Yolo,2512.0,2.0,0.0,7.0,0.0,3244500.0,4.36,0.0,75.6,0,319
201905,Kern,2672.0,0.0,0.0,0.0,0.0,0.0,2.0,1.26,61.2,164,48
201906,Stanislaus,3022.0,0.0,0.0,0.0,0.0,0.0,2.71,0.0,74.8,0,296
201909,Riverside,3024.0,3.0,0.0,0.0,2.0,429450.0,1.85,0.46,79.9,0,448
201909,Siskiyou,2205.0,0.0,0.0,0.0,0.0,0.0,0.68,1.95,57.5,236,10
201906,Sanluisobispo,3011.0,0.0,0.0,0.0,0.0,0.0,1.82,0.01,68.8,16,131
201906,Sutter,1350.0,0.0,0.0,0.0,0.0,0.0,3.85,0.02,77.6,0,378
201907,Sanluisobispo,1069.0,0.0,0.0,0.0,0.0,0.0,0.0,0.0,72.2,0,226
201905,Sanluisobispo,835.0,0.0,0.0,0.0,0.0,0.0,1.66,1.47,58.3,217,9
201908,Contracosta,815.0,0.0,0.0,0.0,0.0,0.0,-0.13,0.0,74.0,0,279
201908,Tulare,756.0,0.0,0.0,0.0,0.0,0.0,-0.06,0.0,72.4,6,235
201909,Placer,604.0,0.0,0.0,0.0,0.0,0.0,2.54,1.72,62.7,113,43
201908,Shasta,832.0,3.0,0.0,14.0,7.0,5160750.0,0.24,0.72,74.1,0,287
201910,Napa,526.0,0.0,0.0,1.0,0.0,735000.0,-1.02,0.0,62.1,116,27
201906,Riverside,759.0,0.0,0.0,0.0,0.0,0.0,3.13,0.0,80.6,0,468
201909,Butte,854.0,0.0,0.0,2.0,0.0,717500.0,2.81,1.54,70.1,18,170
201908,Sandiego,553.0,0.0,0.0,0.0,0.0,0.0,1.77,0.0,77.7,0,393
201907,Kern,656.0,0.0,0.0,0.0,0.0,0.0,2.7,0.01,80.3,0,475
201910,Santabarbara,420.0,0.0,0.0,0.0,0.0,0.0,-0.8,0.0,61.4,127,17
201909,Tulare,381.0,0.0,0.0,0.0,0.0,0.0,-0.37,0.02,64.6,76,64
201907,Monterey,786.0,0.0,0.0,0.0,0.0,0.0,0.02,0.0,70.0,5,160
201907,Sanjoaquin,373.0,0.0,0.0,0.0,0.0,0.0,-0.03,0.0,77.4,0,386
201909,Trinity,524.0,0.0,0.0,0.0,0.0,0.0,-0.2,1.24,62.7,108,40
201909,Ventura,279.0,0.0,0.0,0.0,0.0,0.0,1.14,0.01,68.2,27,123
201907,Lassen,456.0,0.0,0.0,0.0,0.0,0.0,2.28,0.04,66.1,59,93
201909,Lassen,260.0,0.0,0.0,0.0,0.0,0.0,2.67,1.76,55.9,279,5
201906,Tulare,517.0,0.0,0.0,0.0,0.0,0.0,3.01,0.14,67.5,48,123
201908,Alameda,398.0,0.0,0.0,0.0,0.0,0.0,-0.08,0.0,72.8,0,241
201908,Mendocino,225.0,3.0,0.0,0.0,0.0,0.0,2.37,0.35,71.0,0,187
201909,Sanluisobispo,220.0,4.0,0.0,0.0,0.0,0.0,-0.35,0.0,69.6,9,147
201907,Madera,213.0,0.0,0.0,0.0,0.0,0.0,2.37,0.09,73.4,0,264
201906,Merced,210.0,0.0,0.0,0.0,0.0,0.0,1.84,0.0,75.3,0,310
201906,Santaclara,262.0,0.0,0.0,0.0,0.0,0.0,3.2,0.02,68.0,24,115
201906,Siskiyou,234.0,0.0,0.0,0.0,0.0,0.0,-0.42,0.13,61.4,141,33
201910,Sanbernardino,356.0,0.0,0.0,0.0,0.0,0.0,1.14,0.0,65.2,88,94
201909,Sandiego,252.0,0.0,0.0,0.0,0.0,0.0,1.6,0.31,72.7,6,237
201909,Santabarbara,200.0,0.0,0.0,0.0,0.0,0.0,-0.3,0.0,68.5,18,124
201909,Stanislaus,201.0,0.0,0.0,0.0,0.0,0.0,-0.23,0.09,72.2,0,222
201907,Solano,183.0,0.0,0.0,0.0,0.0,0.0,-0.03,0.0,73.5,0,263
201909,Sanbenito,184.0,0.0,0.0,0.0,0.0,0.0,-0.35,0.03,69.6,10,148
201904,Kings,161.0,0.0,0.0,0.0,0.0,0.0,-2.26,0.29,65.3,92,100
201908,Losangeles,261.0,0.0,0.0,0.0,0.0,0.0,1.55,0.0,76.7,0,363
201907,Sanbernardino,237.0,0.0,0.0,0.0,0.0,0.0,2.98,0.24,87.1,0,684
201906,Placer,175.0,0.0,0.0,0.0,0.0,0.0,2.74,0.23,66.3,64,104
201905,Santaclara,144.0,0.0,0.0,0.0,0.0,0.0,2.95,2.77,57.8,232,9
201910,Solano,140.0,0.0,0.0,0.0,0.0,0.0,-0.94,0.0,63.6,86,43
201907,Ventura,131.0,0.0,0.0,0.0,0.0,0.0,1.88,0.0,70.3,9,173
201907,Mendocino,130.0,0.0,0.0,0.0,0.0,0.0,2.46,0.01,68.3,15,119
201905,Riverside,256.0,0.0,0.0,0.0,0.0,0.0,2.44,0.47,67.1,64,129
201909,Santaclara,128.0,0.0,0.0,0.0,0.0,0.0,-0.27,0.09,69.0,11,132
201905,Fresno,121.0,0.0,0.0,0.0,0.0,0.0,2.45,3.52,54.7,328,9
201906,Sandiego,163.0,0.0,0.0,0.0,0.0,0.0,2.25,0.06,70.3,16,175
201904,Kern,115.0,0.0,0.0,0.0,0.0,0.0,1.08,0.24,62.0,156,66
201908,Modoc,103.0,0.0,0.0,0.0,0.0,0.0,1.36,0.36,67.0,48,109
201907,Santabarbara,100.0,0.0,0.0,0.0,0.0,0.0,0.03,0.0,68.6,14,126
201907,Riverside,277.0,0.0,0.0,0.0,0.0,0.0,2.76,0.25,86.8,0,676
201906,Shasta,90.0,0.0,0.0,0.0,0.0,0.0,-0.2,0.16,69.6,28,165
201908,Sacramento,134.0,0.0,0.0,0.0,0.0,0.0,-0.12,0.0,78.8,0,428
201909,Tuolumne,83.0,0.0,0.0,0.0,0.0,0.0,-0.17,0.57,60.0,170,20
201907,Siskiyou,118.0,0.0,0.0,0.0,0.0,0.0,-0.71,0.0,66.5,54,101
201908,Solano,81.0,0.0,0.0,0.0,0.0,0.0,-0.14,0.0,75.6,0,330
201910,Butte,80.0,0.0,0.0,0.0,0.0,0.0,-0.73,0.06,60.4,170,28
201907,Santaclara,201.0,0.0,0.0,0.0,0.0,0.0,2.98,0.02,70.2,5,166
201906,Yuba,230.0,0.0,0.0,0.0,0.0,0.0,3.48,0.21,74.9,5,302
201911,Lake,75.0,0.0,0.0,0.0,0.0,0.0,-1.37,1.66,54.2,324,0
201910,Marin,67.0,0.0,0.0,0.0,0.0,0.0,-1.01,0.02,60.8,140,9
201909,Calaveras,67.0,0.0,0.0,0.0,0.0,0.0,3.03,0.77,67.7,36,117
201909,Monterey,66.0,0.0,0.0,0.0,0.0,0.0,-0.34,0.03,69.0,11,129
201905,Placer,65.0,0.0,0.0,0.0,0.0,0.0,3.1,5.48,53.6,362,8
201907,Napa,64.0,0.0,0.0,0.0,0.0,0.0,3.09,0.01,72.7,0,240
201910,Glenn,63.0,0.0,0.0,0.0,0.0,0.0,-0.88,0.02,61.2,147,30
201905,Tehama,63.0,0.0,0.0,0.0,0.0,0.0,3.29,4.37,60.0,193,39
201910,Sanmateo,62.0,0.0,0.0,0.0,0.0,0.0,-1.14,0.01,61.5,122,13
201908,Santaclara,95.0,0.0,0.0,0.0,0.0,0.0,-0.06,0.01,72.4,0,229
201910,Lassen,55.0,0.0,0.0,0.0,0.0,0.0,-0.47,0.17,43.8,658,0
201909,Lake,81.0,0.0,0.0,1.0,0.0,270000.0,-0.08,0.35,66.4,42,85
201906,Napa,50.0,0.0,0.0,0.0,0.0,0.0,3.25,0.0,71.3,10,197
201905,Butte,50.0,0.0,0.0,0.0,0.0,0.0,3.21,5.13,61.2,166,49
201906,Tehama,46.0,0.0,0.0,0.0,0.0,0.0,3.06,0.05,73.4,9,260
201909,Sanjoaquin,44.0,0.0,0.0,0.0,0.0,0.0,-0.14,0.22,72.7,0,234
201910,Shasta,42.0,0.0,0.0,0.0,0.0,0.0,-0.65,0.28,54.4,333,5
201907,Yuba,38.0,0.0,0.0,0.0,0.0,0.0,3.43,0.0,77.3,0,382
201908,Eldorado,51.0,0.0,0.0,0.0,0.0,0.0,2.21,0.01,72.0,9,228
201908,Yolo,33.0,0.0,0.0,0.0,0.0,0.0,-0.12,0.0,78.4,0,415
201909,Solano,30.0,0.0,0.0,0.0,0.0,0.0,-0.31,0.09,71.4,0,196
201906,Alameda,30.0,0.0,0.0,0.0,0.0,0.0,2.6,0.0,69.0,16,138
201904,Riverside,30.0,0.0,0.0,0.0,0.0,0.0,1.98,0.11,67.8,61,145
201901,Humboldt,30.0,0.0,0.0,0.0,0.0,0.0,0.05,12.3,46.0,589,0
201910,Santaclara,29.0,0.0,0.0,0.0,0.0,0.0,-0.95,0.01,61.9,121,23
201908,Kern,29.0,0.0,0.0,0.0,0.0,0.0,-0.23,0.0,80.7,0,486
201910,Lake,25.0,0.0,0.0,0.0,0.0,0.0,-0.89,0.07,59.2,192,11
201909,Fresno,25.0,0.0,0.0,0.0,0.0,0.0,-0.45,0.01,66.4,50,90
201907,Contracosta,24.0,0.0,0.0,0.0,0.0,0.0,-0.03,0.0,71.8,0,214
201906,Solano,24.0,0.0,0.0,0.0,0.0,0.0,3.14,0.0,72.7,5,237
201906,Contracosta,23.0,0.0,0.0,0.0,0.0,0.0,2.56,0.0,70.9,12,188
201905,Sandiego,22.0,0.0,0.0,0.0,0.0,0.0,1.7,1.27,59.6,187,21
201908,Tuolumne,21.0,0.0,0.0,0.0,0.0,0.0,-0.09,0.0,68.4,29,135
201908,Colusa,20.0,0.0,0.0,0.0,0.0,0.0,-0.31,0.03,79.0,0,435
201908,Lake,20.0,0.0,0.0,0.0,0.0,0.0,3.12,0.26,74.8,0,303
201911,Riverside,19.0,0.0,0.0,0.0,0.0,0.0,1.86,1.88,60.9,153,31
201910,Stanislaus,18.0,0.0,0.0,0.0,0.0,0.0,-0.78,0.0,62.9,103,38
201906,Butte,29.0,0.0,0.0,0.0,0.0,0.0,3.13,0.12,74.2,7,282
201909,Shasta,16.0,0.0,0.0,0.0,0.0,0.0,0.46,1.27,65.1,77,79
201909,Sanbernardino,15.0,0.0,0.0,0.0,0.0,0.0,1.71,0.24,78.2,0,396
201907,Eldorado,13.0,0.0,0.0,0.0,0.0,0.0,2.61,0.03,70.6,15,189
201909,Alameda,11.0,0.0,0.0,0.0,0.0,0.0,-0.15,0.19,68.7,13,124
201909,Amador,10.0,1.0,0.0,0.0,0.0,0.0,3.14,1.13,66.8,46,100
201907,Butte,10.0,0.0,0.0,0.0,0.0,0.0,2.9,0.0,76.6,0,360
201904,Butte,10.0,0.0,0.0,0.0,0.0,0.0,1.93,2.64,60.3,186,46
201906,Nevada,2.0,0.0,0.0,0.0,0.0,0.0,2.6,0.46,65.0,84,83
201911,Yolo,0.0,0.0,0.0,0.0,0.0,0.0,-1.47,0.54,56.2,269,0
